Keskuskatu,3,HELSINKI,'00104,HELSINKI
Antinkatu,19,PORI,'28104,PORI
Liisankatu,2,PORI,'28104,PORI
Kalevanpuisto,51,PORI,'28124,PORI
Satakunnankatu,39,PORI,'28134,PORI
Itäkeskuksenkaari,6,PORI,'28135,PORI
Vanhasahankatu,2,PORI,'28204,PORI
Vanhakoivistontie,10,PORI,'28365,PORI
Tehtaantie,2,ULVILA,'28404,ULVILA
Ravanintie,1,PORI,'28454,VANHA-ULVILA
Korpraalintie,36,PORI,'28604,PORI
Mörtintie,1,PORI,'28760,PORI
Siltatie,6,HARJAVALTA,'29204,HARJAVALTA
Palotie,2,PORI,'29604,NOORMARKKU
Finpyyntie,10,PORI,'29604,NOORMARKKU
Merikarviantie,4,MERIKARVIA,'29790,TUORILA
Tapulikuja,6,FORSSA,'30105,FORSSA
Miemolantie,2,FORSSA,'30304,FORSSA
Portaanraitti,1,TAMMELA,'31340,PORRAS
Turuntie,6,SOMERO,'31405,SOMERO
Hongistontie,3,KOSKI TL,'31500,KOSKI TL
Hämeentie,23,KOSKI TL,'31504,KOSKI TL
Lasitehtaantie,11,HUMPPILA,'31640,HUMPPILA
Huhdintie,14,URJALA,'31704,URJALA
Kartanomäenkatu,4,LOIMAA,'32204,LOIMAA
Turuntie,19,LOIMAA,'32204,LOIMAA
Rasinkuja,2,ORIPÄÄ,'32504,ORIPÄÄ
Sallilantie,41,HUITTINEN,'32610,VAMPULA
Risto Rytin katu,37,HUITTINEN,'32705,HUITTINEN
Yttiläntie,248,KOKEMÄKI,'32920,KAUVATSA
Pakkahuoneenaukio,2,TAMPERE,'33105,TAMPERE
Puutarhakatu,10,TAMPERE,'33214,TAMPERE
Satakunnankatu,36,TAMPERE,'33215,TAMPERE
Ratakistonkatu,7,TAMPERE,'33305,TAMPERE
Tesomankatu,4,TAMPERE,'33310,TAMPERE
Tesomankatu,4,TAMPERE,'33315,TAMPERE
Sellukatu,15,TAMPERE,'33400,TAMPERE
Elotie,9,YLÖJÄRVI,'33474,YLÖJÄRVI
Elotie,1,YLÖJÄRVI,'33475,YLÖJÄRVI
Tammelan puistokatu,29,TAMPERE,'33500,TAMPERE
Pulkkakatu,8,TAMPERE,'33584,TAMPERE
Mäentakusenkatu,1,TAMPERE,'33585,TAMPERE
Orimuskatu,71,TAMPERE,'33585,TAMPERE
Turtolankatu,2,TAMPERE,'33714,TAMPERE
Kangasalantie,120,TAMPERE,'33730,TAMPERE
Lempääläntie,21,TAMPERE,'33820,TAMPERE
Siltakatu,11,ESPOO,'02774,ESPOO
Niipperintie,2,ESPOO,'02920,ESPOO
Juvankartanontie,33,ESPOO,'02925,ESPOO
Lippajärventie,29,ESPOO,'02940,ESPOO
Vihdintie,4,NUMMELA,'03104,NUMMELA
Asemantie,4,VIHTI,'03104,NUMMELA
Torpparintie,38,OTALAMPI,'03304,OTALAMPI
Mäntylänkatu,2,KARKKILA,'03600,KARKKILA
Mäntylänkatu,2,KARKKILA,'03604,KARKKILA
Kaskiniitynkuja,2,SIPOO,'04134,SIPOO
Nikonkatu,1,KERAVA,'04200,KERAVA
Tapulikatu,27,KERAVA,'04204,KERAVA
Peltomäenkatu,2,KERAVA,'04254,KERAVA
Moukarinkuja,6,TUUSULA,'04304,TUUSULA
Lahelantie,280,TUUSULA,'04330,LAHELA
Yhteiskouluntie,17,JÄRVENPÄÄ,'04404,JÄRVENPÄÄ
Rantakatu,5,JÄRVENPÄÄ,'04405,JÄRVENPÄÄ
Helsingintie,41,JÄRVENPÄÄ,'04410,JÄRVENPÄÄ
Antoninkuja,9,JÄRVENPÄÄ,'04414,JÄRVENPÄÄ
Vehnätie,2,JÄRVENPÄÄ,'04414,JÄRVENPÄÄ
Valimokuja,4,JÄRVENPÄÄ,'04414,JÄRVENPÄÄ
Helsingintie,41,JÄRVENPÄÄ,'04415,JÄRVENPÄÄ
Kinnarinkatu,6,JÄRVENPÄÄ,'04434,JÄRVENPÄÄ
Asemakatu,2,MÄNTSÄLÄ,'04624,MÄNTSÄLÄ
Ketunkopintie,2,NURMIJÄRVI,'05100,RÖYKKÄ
Kiljavantie,5,RAJAMÄKI,'05204,RAJAMÄKI
Mäkikuumolantie,3,HYVINKÄÄ,'05804,HYVINKÄÄ
Torikatu,9,HYVINKÄÄ,'05805,HYVINKÄÄ
Munckinkatu,37,HYVINKÄÄ,'05824,HYVINKÄÄ
Astreankatu,5,HYVINKÄÄ,'05904,HYVINKÄÄ
Runeberginkatu,33,PORVOO,'06100,PORVOO
Hallitie,2,PORVOO,'06404,PORVOO
Vanha Söderbyntie,44,PORVOO,'07390,SUURPELLINKI
Terveystie,2,ASKOLA,'07504,ASKOLA
Eskilomintie,20,LILJENDAL,'07884,LILJENDAL
Brandensteininkatu,17,LOVIISA,'07900,LOVIISA
Porvoonkatu,2,LOVIISA,'07904,LOVIISA
Brandensteininkatu,17,LOVIISA,'07904,LOVIISA
Hossanmäentie,1,LOHJA,'08354,LOHJA
Hakosenkuja,2,KARJALOHJA,'09124,KARJALOHJA
Liesitori,1,VANTAA,'01604,VANTAA
Kivivuorentie,4,VANTAA,'01625,VANTAA
Hämeenkyläntie,77,VANTAA,'01644,VANTAA
Torpantie,4,VANTAA,'01654,VANTAA
Naapurinkuja,2,VANTAA,'01674,VANTAA
Keimolankaarre,3,VANTAA,'01704,VANTAA
Lipputie,14,VANTAA,'01704,VANTAA
Vantaanrinne,14,VANTAA,'01730,VANTAA
Nuolitie,1,VANTAA,'01744,VANTAA
Kuonomäentie,2,NURMIJÄRVI,'01804,KLAUKKALA
Isoseppälä,14,NURMIJÄRVI,'01805,KLAUKKALA
Mahlamäentie,2,NURMIJÄRVI,'01904,NURMIJÄRVI
Sateentie,4,ESPOO,'02104,ESPOO
Suvikummuntie,1,ESPOO,'02124,ESPOO
Servinkuja,5,ESPOO,'02154,ESPOO
Keilasatama,5,ESPOO,'02154,ESPOO
Miestentie,9,ESPOO,'02154,ESPOO
Tekniikantie,12,ESPOO,'02154,ESPOO
Sähkömiehentie,3,ESPOO,'02155,ESPOO
Niittyportinpolku,2,ESPOO,'02204,ESPOO
Malminkorpi,2,ESPOO,'02280,ESPOO
Lokirinne,6,ESPOO,'02324,ESPOO
Merivalkama,2,ESPOO,'02324,ESPOO
Magneettikatu,2,ESPOO,'02335,ESPOO
Kirkkotallintie,1,KIRKKONUMMI,'02404,KIRKKONUMMI
Tinankuja,1,KIRKKONUMMI,'02430,MASALA
Vernerinkuja,9,KIRKKONUMMI,'02434,KIRKKONUMMI
Siuntiontie,504,SIUNTIO,'02580,SIUNTIO AS
Leppävaarankatu,3,ESPOO,'02604,ESPOO
Lars Sonckin kaari,16,ESPOO,'02604,ESPOO
Kilonpuistonkatu,14,ESPOO,'02615,ESPOO
Tornihaukantie,6,ESPOO,'02624,ESPOO
Nuijalantie,11,ESPOO,'02630,ESPOO
Kauniaistentie,9,KAUNIAINEN,'02704,KAUNIAINEN
Lähderannantie,22,ESPOO,'02720,ESPOO
Johanneksenkatu,4,LAHTI,'15245,LAHTI
Ajokatu,53,LAHTI,'15505,LAHTI
Lähdetie,2,NASTOLA,'15540,VILLÄHDE
Niinitie,2,LAHTI,'15564,NASTOLA
Keskuskatu,11,HOLLOLA,'15870,HOLLOLA
Keskuskatu,11,HOLLOLA,'15874,HOLLOLA
Kankolankatu,1,LAHTI,'15950,LAHTI
Salmelantie,1,ARTJÄRVI,'16204,ARTJÄRVI
Käkeläntie,3,ORIMATTILA,'16300,ORIMATTILA
Tampereentie,632,HÄMEENKOSKI,'16800,HÄMEENKOSKI
Mommilantie,1,HÄMEENLINNA,'16905,LAMMI
Maakaupantie,1,ASIKKALA,'17205,VÄÄKSY
Kauppatie,1,PADASJOKI,'17500,PADASJOKI
Kauppatie,1,PADASJOKI,'17504,PADASJOKI
Toritie,53,KUHMOINEN,'17804,KUHMOINEN
Vanhatie,37,HEINOLA,'18300,HEINOLA KK
Rantatie,1,LUHANKA,'19950,LUHANKA
Ruissalontie,19,TURKU,'20204,TURKU
Uhrilähteenkatu,2,TURKU,'20250,TURKU
Vanha Tampereentie,108,TURKU,'20305,TURKU
Viilarinkatu,8,TURKU,'20324,TURKU
Asentajankatu,4,TURKU,'20324,TURKU
Viilarinkatu,3,TURKU,'20325,TURKU
Korjasmäenkatu,1,TURKU,'20365,TURKU
Hovirinnantie,5,KAARINA,'20780,KAARINA
Matruusinpolku,5,TURKU,'20814,TURKU
Pitkäpellonkatu,2,TURKU,'20904,TURKU
Alppilankatu,2,NAANTALI,'21100,NAANTALI
Tuulensuunkatu,12,NAANTALI,'21105,NAANTALI
Viluntie,3,NAANTALI,'21140,RYMÄTTYLÄ
Velkuantie,988,NAANTALI,'21184,LIVONSAARI
Voudinkatu,5,RAISIO,'21200,RAISIO
Tuotekatu,13,RAISIO,'21200,RAISIO
Voudinkatu,5,RAISIO,'21204,RAISIO
Kapponkatu,17,RAISIO,'21214,RAISIO
Ohjaluodontie,2,RUSKO,'21290,RUSKO
Sauvontie,9,PAIMIO,'21510,HEVONPÄÄ
Teollisuustie,12,PAIMIO,'21534,PAIMIO
Asematie,1,PAIMIO,'21535,PAIMIO
Rantatie,12,PARAINEN,'21600,PARAINEN
Näsbyntie,178,PARAINEN,'21760,HOUTSKARI
Haverintie,2,PÖYTYÄ,'21900,YLÄNE
Flygfältsvägen,10,MARIEHAMN,'22115,MAARIANHAMINA
Käringsundsvägen,194,ECKERÖ,'22270,ECKERÖ
Kroklundsvägen,364,SALTVIK,'22320,ÖDKARBY
Butikstorget,,GETA,'22340,GETA
Drottning Kristinas gata,19,VÅRDÖ,'22550,VÅRDÖ
Enklinge,,KUMLINGE,'22830,ENLINGE
Keskuskatu,27,MYNÄMÄKI,'23104,MYNÄMÄKI
Vinkkiläntie,20,VEHMAA,'23200,VINKKILÄ
Kustavintie,3384,VEHMAA,'23264,RAUTILA
Norrby,,PARAINEN,'23390,INIÖ
Kauppakatu,3,LAITILA,'23804,LAITILA
Pajamäentie,3,PYHÄRANTA,'23950,PYHÄRANTA
Helsingintie,32,SALO,'24104,SALO
Sähkökuja,2,HALIKKO,'24804,HALIKKO
Valtatie,5,HALIKKO,'24804,HALIKKO
Nummentie,2,SALO,'25250,MÄRYNUMMI
Teijontie,67,SALO,'25570,TEIJO
Engelsbyntie,15,KEMIÖNSAARI,'25704,KEMIÖ
Lammalantie,98,KEMIÖNSAARI,'25830,VÄSTANFJÄRD
Teollisuuskatu,2,RAUMA,'26104,RAUMA
Äyhönjärventie,1,RAUMA,'26105,RAUMA
Lensunkalliontie,3,RAUMA,'26664,RAUMA
Monnankatu,6,RAUMA,'26664,RAUMA
Riikontie,2,EURAJOKI,'27104,EURAJOKI
Rauman valtatie,204,IHODE,'27324,IHODE
Paneliantie,25,PANELIA,'27434,PANELIA
Palomiehentie,10,SÄKYLÄ,'27804,SÄKYLÄ
Ruosilantie,10,HELSINKI,'00390,HELSINKI
Näyttelijäntie,14,HELSINKI,'00405,HELSINKI
Juustenintie,4,HELSINKI,'00414,HELSINKI
Puustellinrinne,3,HELSINKI,'00414,HELSINKI
Klaneettitie,7,HELSINKI,'00420,HELSINKI
Kantelettarentie,1,HELSINKI,'00425,HELSINKI
Fleminginkatu,23,HELSINKI,'00504,HELSINKI
Sörnäisten rantatie,29,HELSINKI,'00504,HELSINKI
Kotkankatu,9,HELSINKI,'00514,HELSINKI
Aleksis Kiven katu,11,HELSINKI,'00515,HELSINKI
Säästöpankinranta,2,HELSINKI,'00530,HELSINKI
Neljäs linja,3,HELSINKI,'00534,HELSINKI
Haapaniemenkatu,16,HELSINKI,'00534,HELSINKI
Hakaniemenranta,26,HELSINKI,'00534,HELSINKI
Siltasaarenkatu,12,HELSINKI,'00534,HELSINKI
Capellan puistotie,6,HELSINKI,'00544,HELSINKI
Hämeentie,135,HELSINKI,'00560,HELSINKI
Hämeentie,111,HELSINKI,'00564,HELSINKI
Kotisaarenkatu,3,HELSINKI,'00564,HELSINKI
Capellanranta,4,HELSINKI,'00584,HELSINKI
Föglönkuja,11,HELSINKI,'00594,HELSINKI
Kisällinkuja,2,HELSINKI,'00644,HELSINKI
Otto Brandtin polku,4,HELSINKI,'00654,HELSINKI
Pakilantie,56,HELSINKI,'00660,HELSINKI
Pakilantie,61,HELSINKI,'00665,HELSINKI
Torpparinmäentie,1,HELSINKI,'00690,HELSINKI
Ala-Malmin tori,4,HELSINKI,'00704,HELSINKI
Liusketie,6,HELSINKI,'00714,HELSINKI
Lönnrotintie,12,SAMMATTI,'09224,SAMMATTI
Kauppakuja,3,LOHJA,'09430,SAUKKOLA
Ratakatu,59,RAASEPORI,'10300,KARJAA
Pohjantie,8,RAASEPORI,'10424,POHJANKURU
Esplanaadi,69,HANKO,'10900,HANKO
Esplanaadi,69,HANKO,'10904,HANKO
Lopentie,22,RIIHIMÄKI,'11105,RIIHIMÄKI
Kirjauksentie,4,RIIHIMÄKI,'11124,RIIHIMÄKI
Merkoksenkatu,5,RIIHIMÄKI,'11710,RIIHIMÄKI
Kirkkotie,5,JANAKKALA,'12404,TERVAKOSKI
Jylhäntie,8,LOPPI,'12544,LAUNONEN
Hämeensaarentie,7,HÄMEENLINNA,'13100,HÄMEENLINNA
Korkeakoulunkatu,9,HÄMEENLINNA,'13104,HÄMEENLINNA
Kaivokatu,7,HÄMEENLINNA,'13105,HÄMEENLINNA
Tiiriönsuontie,2,HÄMEENLINNA,'13134,HÄMEENLINNA
Talaskuja,1,HÄMEENLINNA,'13204,HÄMEENLINNA
Aulangontie,1,HÄMEENLINNA,'13210,HÄMEENLINNA
Makasiinikatu,3,LAHTI,'15154,LAHTI
Kauppiaankatu,6,LAHTI,'15164,LAHTI
Säterintie,2,HELSINKI,'00725,HELSINKI
Aamuruskontie,1,HELSINKI,'00754,HELSINKI
Jakomäentie,1,HELSINKI,'00774,HELSINKI
Purilaskuja,1,HELSINKI,'00774,HELSINKI
Latokartanonkaari,23,HELSINKI,'00794,HELSINKI
Talonpojantie,13,HELSINKI,'00794,HELSINKI
Tulppatie,2,HELSINKI,'00884,HELSINKI
Linnanrakentajantie,4,HELSINKI,'00884,HELSINKI
Kiviparintie,2,HELSINKI,'00925,HELSINKI
Gotlanninkatu,13,HELSINKI,'00935,HELSINKI
Keinulaudankuja,4,HELSINKI,'00944,HELSINKI
Rukatunturintie,2,HELSINKI,'00970,HELSINKI
Paahtajankuja,1,HELSINKI,'00994,HELSINKI
Amiraalintie,2,SIPOO,'01155,SÖDERKULLA
Nukenkaulus,1,VANTAA,'01304,VANTAA
Kiulukuja,7,VANTAA,'01364,VANTAA
Niinikuja,2,VANTAA,'01365,VANTAA
Ojalehdonkuja,1,VANTAA,'01400,VANTAA
Koivukylän puistotie,9,VANTAA,'01405,VANTAA
Laurintie,84,VANTAA,'01425,VANTAA
Metsolantie,2,VANTAA,'01455,VANTAA
Paarmatie,2,VANTAA,'01495,VANTAA
Sähkötie,2,VANTAA,'01514,VANTAA
Tammiston kauppatie,9,VANTAA,'01515,VANTAA
Linnankatu,11,HELSINKI,'00164,HELSINKI
Tallberginkatu,1,HELSINKI,'00184,HELSINKI
Lönnrotinkatu,28,HELSINKI,'00184,HELSINKI
Itämerenkatu,21,HELSINKI,'00185,HELSINKI
Suomenlinna C,6,HELSINKI,'00190,HELSINKI
Lauttasaarentie,28,HELSINKI,'00200,HELSINKI
Postintaival,9,HELSINKI,'00230,HELSINKI
Postintaival,7,HELSINKI,'00235,HELSINKI
Radiokatu,7,HELSINKI,'00244,HELSINKI
Pasilanraitio,5,HELSINKI,'00245,HELSINKI
Linnankoskenkatu,14,HELSINKI,'00254,HELSINKI
Mannerheimintie,160,HELSINKI,'00305,HELSINKI
Eliel Saarisen tie,44,HELSINKI,'00324,HELSINKI
Huopalahdentie,19,HELSINKI,'00334,HELSINKI
Konalantie,6,HELSINKI,'00374,HELSINKI
Hiomotie,32,HELSINKI,'00384,HELSINKI
Salomonkatu,17,HELSINKI,'00104,HELSINKI
Elielinaukio,2,HELSINKI,'00104,HELSINKI
Kaisaniemenkatu,5,HELSINKI,'00105,HELSINKI
Hietalahdenranta,7,HELSINKI,'00125,HELSINKI
Kasarmikatu,19,HELSINKI,'00130,HELSINKI
Eteläesplanadi,18,HELSINKI,'00134,HELSINKI
Laivanvarustajankatu,6,HELSINKI,'00144,HELSINKI
Vuoreksen puistokatu,87,TAMPERE,'33875,TAMPERE
Nuolialantie,52,TAMPERE,'33900,TAMPERE
Asematie,11,VIRRAT,'34804,VIRRAT
Eeliksentie,1,RUOVESI,'34870,VISUVESI
Inkantie,47,VIRRAT,'34980,KILLINKOSKI
Länkipohjantie,17,JÄMSÄ,'35400,LÄNGELMÄKI
Korpitie,1,HALLI,'35604,HALLI
Keskuskatu,5,MÄNTTÄ-VILPPULA,'35700,VILPPULA
Pohjaväreenkuja,1,MÄNTTÄ,'35804,MÄNTTÄ
Puusepäntie,31,KANGASALA,'36200,KANGASALA
Mäkirinteentie,4,KANGASALA,'36224,KANGASALA
Isoniementie,1,KANGASALA,'36420,SAHALAHTI
Vaahterakatu,2,NOKIA,'37120,NOKIA
Kesontie,2,VESILAHTI,'37474,VESILAHTI
Tampereentie,272,LEMPÄÄLÄ,'37560,LEMPÄÄLÄ
Realparkinkatu,3,LEMPÄÄLÄ,'37574,LEMPÄÄLÄ
Valtakatu,9,VALKEAKOSKI,'37605,VALKEAKOSKI
Salomaantie,9,VALKEAKOSKI,'37634,VALKEAKOSKI
Holkerintie,2,AKAA,'37804,AKAA
Vedentaantie,24,VALKEAKOSKI,'37850,METSÄKANSA
Yrittäjäntie,4,AKAA,'37915,AKAA
Nuutilankuja,4,SASTAMALA,'38204,SASTAMALA
Itsenäisyydentie,1,SASTAMALA,'38205,SASTAMALA
Itsenäisyydentie,66,SASTAMALA,'38205,SASTAMALA
Tampereentie,3,LAVIA,'38600,LAVIA
Kauppatori,3,KANKAANPÄÄ,'38704,KANKAANPÄÄ
Jämijärventie,23,JÄMIJÄRVI,'38800,JÄMIJÄRVI
Porhontie,4,HONKAJOKI,'38950,HONKAJOKI
Härkikuja,4,HÄMEENKYRÖ,'39104,HÄMEENKYRÖ
Kyreltie,2,HÄMEENKYRÖ,'39204,KYRÖSKOSKI
Teollisuustalontie,2,IKAALINEN,'39505,IKAALINEN
Parkanontie,45,PARKANO,'39704,PARKANO
Vapaudenkatu,48,JYVÄSKYLÄ,'40104,JYVÄSKYLÄ
Väinönkatu,11,JYVÄSKYLÄ,'40104,JYVÄSKYLÄ
Schaumanin puistotie,26,JYVÄSKYLÄ,'40104,JYVÄSKYLÄ
Puistokatu,2,JYVÄSKYLÄ,'40105,JYVÄSKYLÄ
Taulumäentie,61,JYVÄSKYLÄ,'40204,JYVÄSKYLÄ
Tyyppäläntie,16,JYVÄSKYLÄ,'40254,JYVÄSKYLÄ
Sammontie,1,JYVÄSKYLÄ,'40274,PALOKKA
Vasarakatu,4,JYVÄSKYLÄ,'40324,JYVÄSKYLÄ
Vapaaherrantie,11,JYVÄSKYLÄ,'40325,JYVÄSKYLÄ
Nevakatu,4,JYVÄSKYLÄ,'40344,JYVÄSKYLÄ
Kiulu,2,JYVÄSKYLÄ,'40520,JYVÄSKYLÄ
Syöttäjänkatu,2,JYVÄSKYLÄ,'40525,JYVÄSKYLÄ
Voionmaankatu,15,JYVÄSKYLÄ,'40700,JYVÄSKYLÄ
Voionmaankatu,15,JYVÄSKYLÄ,'40704,JYVÄSKYLÄ
Kaivokatu,1,JYVÄSKYLÄ,'40705,JYVÄSKYLÄ
Taitoniekantie,9,JYVÄSKYLÄ,'40744,JYVÄSKYLÄ
Parviaisentie,6,JYVÄSKYLÄ,'40905,SÄYNÄTSALO
Virastotie,2,MUURAME,'40954,MUURAME
Kauppakatu,8,JÄMSÄ,'42220,KAIPOLA
Kisatie,32,KAJAANI,'87254,KAJAANI
Kehräämöntie,20,KAJAANI,'87404,KAJAANI
Lohenpyrstö,2,KAJAANI,'87700,KAJAANI
Taikatie,4,KAJAANI,'87705,KAJAANI
Puolangantie,11,PALTAMO,'88300,PALTAMO
Kainuuntie,16,SOTKAMO,'88604,SOTKAMO
Heikintie,1,VUOKATTI,'88614,VUOKATTI
Koulukatu,13,KUHMO,'88900,KUHMO
Kainuuntie,123,KUHMO,'88905,KUHMO
Hyryntie,45,HYRYNSALMI,'89400,HYRYNSALMI
Isokatu,20,OULU,'90104,OULU
Isokatu,33,OULU,'90105,OULU
Tehtaankatu,5,OULU,'90134,OULU
Lekatie,9,OULU,'90144,OULU
Kangaskontiontie,15,OULU,'90245,OULU
Nuottasaarentie,6,OULU,'90404,OULU
Metsokankaantie,3,OULU,'90420,OULU
Hevosmiehentie,4,OULU,'90424,OULU
Palokankaantie,301,OULU,'90425,OULU
Kirkkotie,9,KEMPELE,'90440,KEMPELE
Kansipojantie,1,OULU,'90524,OULU
Rita-aukiontie,2,OULU,'90545,OULU
Tervakukkatie,6,OULU,'90580,OULU
Tervakukkatie,6,OULU,'90584,OULU
Laakeritie,4,OULU,'90625,OULU
Martinniementie,8,HAUKIPUDAS,'90834,HAUKIPUDAS
Kauppareitti,2,OULU,'90900,KIIMINKI
Isoahontie,1,KIIMINKI,'90904,KIIMINKI
Tuposkorva,1,LIMINKA,'91915,TUPOS
Vaaralantie,2,TYRNÄVÄ,'91950,TEMMES
Uimahallintie,9,RAAHE,'92104,RAAHE
Rakentajankatu,6,RAAHE,'92134,RAAHE
Keskustie,10,SIIKALATVA,'92620,PIIPPOLA
Sähkötie,1,PUDASJÄRVI,'93104,PUDASJÄRVI
Talonpojantie,1,TAIVALKOSKI,'93400,TAIVALKOSKI
Metsäkyläntie,317,TAIVALKOSKI,'93590,VANHALA
Ouluntaival,1,KUUSAMO,'93605,KUUSAMO
Jauholantie,1,KEMINMAA,'94455,KEMINMAA
Ouluntie,29,KEMI,'94700,KEMI
Kuivajoentie,4380,OIJÄRVI,'95164,OIJÄRVI
Länsiranta,10,TORNIO,'95400,TORNIO
Torikatu,21,TORNIO,'95405,TORNIO
Pohjolankatu,13,ROVANIEMI,'96100,ROVANIEMI
Viirinkankaantie,19,ROVANIEMI,'96300,ROVANIEMI
Pulkamontie,1,ROVANIEMI,'96905,SAARENKYLÄ
Kittiläntie,9255,ROVANIEMI,'97420,LOHINIVA
Pirttikoskentie,2169,ROVANIEMI,'97635,JUUNIEMI
Posiontie,44,POSIO,'97900,POSIO
Myllytie,2,SALLA,'98904,SALLA
Valtatie,68,KITTILÄ,'99104,KITTILÄ
Rantatie,2,JUANKOSKI,'73464,MUURUVESI
Kaavintie,1,KAAVI,'73604,KAAVI
Meijerikatu,3,IISALMI,'74124,IISALMI
Vieremäntie,5,VIEREMÄ,'74204,VIEREMÄ
Rutakontie,13,SONKAJÄRVI,'74304,SONKAJÄRVI
Kauppatori,6,NURMES,'75505,NURMES
Kangaskatu,6,PIEKSÄMÄKI,'76104,PIEKSÄMÄKI
Pirttimäenkatu,12,PIEKSÄMÄKI,'76150,PIEKSÄMÄKI
Rautalammintie,14,SUONENJOKI,'77600,SUONENJOKI
Relanderinkatu,26,VARKAUS,'78200,VARKAUS
Kauppakatu,73,VARKAUS,'78204,VARKAUS
Kauppakatu,36,VARKAUS,'78204,VARKAUS
Relanderinkatu,30,VARKAUS,'78205,VARKAUS
Kiertotie,2,VARKAUS,'78214,VARKAUS
Kangaslammintie,5,VARKAUS,'79480,KANGASLAMPI
Suojalantie,2,HEINÄVESI,'79704,HEINÄVESI
Lukkotie,10,JOENSUU,'80100,JOENSUU
Avainkuja,3,JOENSUU,'80104,JOENSUU
Rantakatu,19,JOENSUU,'80105,JOENSUU
Kauppakatu,16,JOENSUU,'80105,JOENSUU
Länsikatu,15,JOENSUU,'80114,JOENSUU
Lasinpuhaltajantie,1,JOENSUU,'80175,JOENSUU
Jokikatu,11,JOENSUU,'80224,JOENSUU
Mulonväylä,970,REIJOLA,'80334,REIJOLA
Ensolantie,1,KONTIOLAHTI,'80710,LEHMO
Peltolantie,2,LEHMO,'80714,LEHMO
Puistotie,1,KONTIOLAHTI,'81100,KONTIOLAHTI
Harjunraitti,17,UIMAHARJU,'81284,UIMAHARJU
Viekinjärventie,10,LIEKSA,'81860,VIEKIJÄRVI
Kirkkotie,1,RÄÄKKYLÄ,'82300,RÄÄKKYLÄ
Kantola,2,LIPERI,'83460,HARINJÄRVI
Kolintie,94,LIEKSA,'83960,KOLI
Savarinkatu,9,YLIVIESKA,'84105,YLIVIESKA
Kalajoentie,8,KALAJOKI,'85104,KALAJOKI
Haikolantie,18,SIEVI,'85410,SIEVI
Jyrkäntie,1,NIVALA,'85504,NIVALA
Kokkolantie,53,PYHÄJOKI,'86100,PYHÄJOKI
Vanhatie,44,PYHÄJOKI,'86104,PYHÄJOKI
Vanhatie,3,MERIJÄRVI,'86220,MERIJÄRVI
Keskuskatu,4,OULAINEN,'86304,OULAINEN
Kansanpellontie,1,HAAPAVESI,'86600,HAAPAVESI
Kauppakatu,10,KAJAANI,'87100,KAJAANI
Veturitie,1,KAJAANI,'87105,KAJAANI
Gerbyntie,24,VAASA,'65234,VAASA
Kokkokalliontie,2,VAASA,'65305,VAASA
Vanhan Vaasan katu,12,VAASA,'65374,VAASA
Sundomintie,128,VAASA,'65414,SUNDOM
Markkinakuja,2,MUSTASAARI,'65610,MUSTASAARI
Karperöntie,1,MUSTASAARI,'65614,MUSTASAARI
Malminkatu,12,MAALAHTI,'66104,MAALAHTI
Hahdonkuja,1,KURIKKA,'66300,JURVA
Kauppatie,4,LAIHIA,'66404,LAIHIA
Tampereentie,84,LAIHIA,'66404,LAIHIA
Vähänkyröntie,1,VAASA,'66504,VÄHÄKYRÖ
Merikaarrontie,885,VAASA,'66514,MERIKAARTO
Koivulahdentie,2,MUSTASAARI,'66534,KOIVULAHTI
Kokkolantie,30,VÖYRI,'66800,ORAVAINEN
Ryövärinkarintie,1,KOKKOLA,'67204,KOKKOLA
Lasimestarintie,12,KOKKOLA,'67300,KOKKOLA
Lasimestarintie,12,KOKKOLA,'67304,KOKKOLA
Vanha Veistämöntie,2,KOKKOLA,'67304,KOKKOLA
Heinolankaari,1,KOKKOLA,'67604,KOKKOLA
Terminaalikatu,6,KOKKOLA,'67704,KOKKOLA
Uunilanrantatie,2,KALAJOKI,'68100,HIMANKA
Uunilanrantatie,2,HIMANKA,'68104,HIMANKA
Vionojantie,36,KOKKOLA,'68370,ULLAVA
Murikantie,1,KRUUNUPYY,'68410,ALAVETELI
Rantatie,729,ÖJA,'68554,ÖJA
Assarskärintie,1,LUOTO,'68570,LUOTO
Vaasantie,131,PIETARSAARI,'68600,PIETARSAARI
Autotie,2,PIETARSAARI,'68605,PIETARSAARI
Koulukatu,4,PIETARSAARI,'68605,PIETARSAARI
Eteläinen Teerijärventie,5,KRUUNUPYY,'68700,TEERIJÄRVI
Hotellitie,2,PEDERSÖREN KUNTA,'68870,EDSEVÖ
Sursikintie,9,PEDERSÖREN KUNTA,'68914,PÄNNÄINEN
Jyväskyläntie,677,PERHO,'69980,MÖTTÖNEN
Haapaniemenkatu,24,KUOPIO,'70114,KUOPIO
Puijonlaaksontie,2,KUOPIO,'70214,KUOPIO
Päivärannantie,18,KUOPIO,'70420,KUOPIO
Lakeissuontie,7,KUOPIO,'70424,KUOPIO
Volttikatu,4,KUOPIO,'70704,KUOPIO
Kolmisopentie,1,KUOPIO,'70785,KUOPIO
Sipulikatu,2,KUOPIO,'70824,KUOPIO
Matkusniemenkatu,2,KUOPIO,'70844,KUOPIO
Oravikoskentie,3,LEPPÄVIRTA,'71474,ORAVIKOSKI
Golftie,11,SIILINJÄRVI,'71800,SIILINJÄRVI
Kenraalintie,9,JÄMSÄ,'42300,JÄMSÄNKOSKI
Kenraalintie,9,JÄMSÄ,'42304,JÄMSÄNKOSKI
Keskustie,33,MULTIA,'42604,MULTIA
Tervantie,2,KEURUU,'42704,KEURUU
Torikatu,5,SAARIJÄRVI,'43104,SAARIJÄRVI
Jyväskyläntie,33,SAARIJÄRVI,'43104,SAARIJÄRVI
Peltokankaantie,139,KIVIJÄRVI,'43800,KIVIJÄRVI
Kieppi,2,ÄÄNEKOSKI,'44104,ÄÄNEKOSKI
Kauppatie,45,KONNEVESI,'44300,KONNEVESI
Tommolankatu,9,KOUVOLA,'45135,KOUVOLA
Sippolankatu,3,KOUVOLA,'45154,KOUVOLA
Tasankotie,11,KOUVOLA,'45154,KOUVOLA
Madekuja,3,KOUVOLA,'45165,KOUVOLA
Utinkatu,14,KOUVOLA,'45204,KOUVOLA
Tykkimäentie,9,KOUVOLA,'45204,KOUVOLA
Kyminasemantie,6,KOUVOLA,'45610,KORIA
Väkevänkuja,1,KUUSANKOSKI,'45704,KUUSANKOSKI
Tervasharjunkatu,1,KUUSANKOSKI,'45724,KUUSANKOSKI
Huoltamontie,2,KOUVOLA,'46110,TUOHIKOTTI
Sippolantie,20,KOUVOLA,'46710,SIPPOLA
Viialantie,2,KOUVOLA,'46804,MYLLYKOSKI
Karjalantie,3,KOUVOLA,'46805,MYLLYKOSKI
Hakamäentie,1,KOTKA,'48400,KOTKA
Sammonaukio,2,KOTKA,'48604,KOTKA
Pikkuympyräkatu,14,HAMINA,'49400,HAMINA
Sibeliuskatu,27,HAMINA,'49405,HAMINA
Keskustie,5,MIEHIKKÄLÄ,'49700,MIEHIKKÄLÄ
Asematie,1,KANGASNIEMI,'51204,KANGASNIEMI
Keskustie,21,PUUMALA,'52204,PUUMALA
Kitereentie,1,MIKKELI,'52300,RISTIINA
Ratakatu,31,LAPPEENRANTA,'53104,LAPPEENRANTA
Valtakatu,36,LAPPEENRANTA,'53104,LAPPEENRANTA
Kauppakatu,29,LAPPEENRANTA,'53104,LAPPEENRANTA
Standertskjöldinkatu,6,LAPPEENRANTA,'53205,LAPPEENRANTA
Itsenäisyydenkatu,19,LAPPEENRANTA,'53305,LAPPEENRANTA
Puhakankatu,1,LAPPEENRANTA,'53604,LAPPEENRANTA
Katajakatu,12,LAPPEENRANTA,'53810,LAPPEENRANTA
Orioninkatu,2,LAPPEENRANTA,'53855,LAPPEENRANTA
Kuhatie,5,TAIPALSAARI,'54915,SAIMAANHARJU
Tietäjänkatu,3,IMATRA,'55124,IMATRA
Asematie,14,LAPPEENRANTA,'55304,RAUHA
Rasilantie,38,RUOKOLAHTI,'56104,RUOKOLAHTI
Roihankatu,8,RAUTJÄRVI,'56804,SIMPELE
Tulliportinkatu,10,SAVONLINNA,'57100,SAVONLINNA
Nuottamiehentie,2,SAVONLINNA,'57600,SAVONLINNA
Oikotie,5,SAVONLINNA,'58500,PUNKAHARJU
Päivölänkatu,40,SEINÄJOKI,'60125,SEINÄJOKI
Törnäväntie,20,SEINÄJOKI,'60204,SEINÄJOKI
Laurintie,22,KURIKKA,'61300,KURIKKA
Asematie,6,KURIKKA,'61305,KURIKKA
Koskitie,17,ILMAJOKI,'61330,KOSKENKORVA
Keskustie,24,JALASJÄRVI,'61600,JALASJÄRVI
Keskustie,27,JALASJÄRVI,'61605,JALASJÄRVI
Ilvesjoentie,425,JALASJÄRVI,'61760,ILVESJOKI
Ostajantie,1,KAUHAJOKI,'61804,KAUHAJOKI
Kauppakatu,2,LAPUA,'62104,LAPUA
Jääkärintie,54,KAUHAVA,'62420,KORTESJÄRVI
Opistotie,1,KUORTANE,'63104,KUORTANE
Alatie,22,ÄHTÄRI,'63705,ÄHTÄRI
Bäcklidvägen,6,NÄRPIÖ,'64250,PJELAX
Lapväärtintie,713,KRISTIINANKAUPUNKI,'64300,LAPVÄÄRTTI
Porvarintie,14,TEUVA,'64700,TEUVA
Mikkiläntie,12,TEUVA,'64705,TEUVA
Raastuvankatu,19,VAASA,'65100,VAASA
Rosteninkatu,1,VAASA,'65100,VAASA
Kirjastonkatu,8,VAASA,'65104,VAASA
Kauppapuistikko,30,VAASA,'65104,VAASA
Leviraitti,1,KITTILÄ,'99134,SIRKKA
Käsivarrentie,,ENONTEKIÖ,'99490,KILPISJÄRVI
Ivalontie,17,INARI,'99804,IVALO
Saariseläntie,1,INARI,'99830,SAARISELKÄ
Ylätenontie,24,UTSJOKI,'99950,KARIGASNIEMI
Pietarintie,1,,'55610,
Tauluntie,124,,'17500,
Kiilopääntie,620,,'99830,
Sevettijärventie,12206,,'99940,
Kaamasentie,2835,,'99910,
Inarintie,46,,'99870,
Jäämerentie,8,,'99600,
Kasarminkatu,39,,'87500,
Kuurnantie,7,,'87200,
Pohjolankatu,30,,'87100,
Mainuantie,350,,'87700,
Niilonkatu,2,,'87200,
Pohjolankatu,8,,'87100,
Torikatu,8,,'55800,
Nällisuontie,3,,'56100,
Puumalantie,75,,'56100,
Liisanpolku,2,,'56100,
Hauklapintie,230,,'56310,
Saarlammentie,244,,'55800,
Lohenpyrstö,2,,'87700,
Lönnrotinkatu,2,,'87100,
Sirkunpolku,2,,'87400,
Immilän kylätie,136,,'15560,
Kukkastie,33,,'15560,
Meritullinkatu,26,,'00170,
Vuorimiehenkatu,1,,'00140,
Satamakatu,1,,'00160,
Eteläesplanadi,12,,'00130,
Tehtaankatu,27,,'00150,
Neitsytpolku,2,,'00140,
Pasinkuja,1,,'55100,
Mäyränkatu,6,,'55420,
Ensontie,330,,'55610,
Sipiläntie,2,,'37140,
Sipiläntie,2,,'37140,
Ilkantie,1,,'37100,
Kiikostentie,34,,'38360,
Savilahdentie,1,,'44500,
Putaanportintie,5,,'44800,
Puistotie,15,,'44800,
Konttimäentie,2,,'54510,
Alangontie,4,,'62100,
Kuortaneentie,1994,,'62170,
Härsiläntie,30,,'62100,
Lassilantie,3,,'62100,
Laurintie,22,,'61300,
Asematie,2,,'61300,
Tiilipojanlenkki,4,,'01720,
Torpantie,4,,'01650,
Liesitori,1,,'01600,
Härmäntie,12,,'62300,
Härmäntie,2,,'62300,
Perkiömäentie,6,,'62310,
Kalkkistentie,245,,'19370,
Luhangantie,1079,,'19730,
Särkilahdentie,4,,'19700,
Ainonkatu,12,,'53100,
Kaivokatu,5,,'53100,
Valtakatu,36,,'53100,
Imatrantie,5,,'53100,
Karankokatu,1,,'53810,
Kauppakatu,40,,'53100,
Tuohikotintie,1291,,'54770,
Keskussotilaskoti rak,10,,'53900,
Rajatorpantie,8,,'01600,
Ulkoniitynkuja,2,,'01660,
Nahkelantie,99,,'04300,
Rantatie,39,,'04310,
Peltomäenkatu,10,,'04250,
Kirkkotie,31,,'04310,
Kääpäkatu,4,,'04260,
Kokontie,17,,'04200,
Nahkelantie,397,,'04350,
Kurpantie,3,,'04320,
Asemanaukio,3,,'04200,
Kultasepänkatu,4,,'04250,
Inkiläntie,2,,'04250,
Jusslansuora,12,,'04360,
Satotalmantie,45,,'04240,
Koskenmäenpolku,1,,'04300,
Koskenmäentie,7,,'04300,
Suuri Jänkäsalo,,,'54920,
Yliopistonkatu,34,,'53850,
Wäinönkatu,4,,'53810,
Hevosmiehentie,4,,'90420,
Zeppelinintie,1,,'90450,
Kauppatie,6,,'90440,
Zeppelinintie,1,,'90450,
Kirkkotie,9,,'90440,
Luovontie,150,,'90480,
Zatelliitintie,1,,'90440,
Karhuojantie,2,,'90460,
Kauppakuja,1,,'90440,
Maakunnantie,8,,'38100,
Aarnontie,22,,'38200,
Nuutilankatu,4,,'38200,
Hossantie,3,,'38210,
Pohjolankatu,40,,'00600,
Kalliosaarentie,13,,'85500,
Mäkitorpantie,1,,'00620,
Mäkelänkatu,78,,'00610,
Venetpalontie,30,,'86710,
Teollisuustie,1,,'86710,
Urheilutie,49,,'86600,
Kirkkotie,17,,'86600,
Ahvenistontie,11,,'13500,
Otto Mannisen tie,1,,'51200,
Ahjotie,3,,'92930,
Pulkkilantie,21,,'92600,
Parrantie,2,,'20300,
Viilarinkatu,8,,'20320,
Seuravuorenkatu,2,,'21330,
Vanha Tampereentie,108,,'20300,
Vuorenmaantie,701,,'27860,
Eurakoskentie,45,,'27400,
Paneliantie,25,,'27430,
Säkyläntie,275,,'27800,
Rantatie,433,,'27800,
Akkolanmäentie,57,,'27670,
Yläneentie,16,,'27600,
Madetie,1,,'27500,
Asematie,4,,'86800,
Ollintie,11,,'86800,
Kuntotie,5,,'89200,
Saukontie,39,,'88400,
Väliahontie,49,,'90800,
Tervakukkatie,6,,'90580,
Tukkimiehentie,1,,'90530,
Valtatie,28,,'90500,
Valtatie,61,,'90500,
Alanteentie,36,,'58700,
Kyminasemantie,6,,'45610,
Raidanlahdentie,783,,'41880,
Saukkolahdentie,916,,'40950,
Punasillantie,4,,'40950,
Veikontie,5,,'88610,
Kainuuntie,23,,'88600,
Tuukkalantie,15,,'00940,
Jakomäenkuja,1,,'00770,
Merikaarrontie,882,,'66510,
Järventaustantie,14,,'01810,
Liikekuja,1,,'01800,
Lepsämäntie,1,,'01800,
Metsäkyläntie,2,,'01800,
Viirintie,9,,'01800,
Keinutie,10,,'00940,
Pallaksentie,1,,'00970,
Vanhanlinnantie,1,,'00900,
Tattarisuontie,1,,'00770,
Kivikonkaari,8,,'00940,
Kustaa Vaasankatu,3,,'85800,
Aholantie,19,,'85820,
Kirkkokatu,1,,'85800,
Jääskeläntie,2,,'83700,
Polvijärventie,1,,'83700,
Huhmarisentie,43,,'83720,
Helsingintie,1426,,'12400,
Heimolantie,1,,'12400,
Tehtaankatu,23,,'11910,
Peltosaarenkatu,1,,'11130,
Torikatu,3,,'11100,
Hikiäntie,280,,'12240,
Kinturintie,2,,'11120,
Erkyläntie,5,,'11130,
Kauppakuja,5,,'11100,
Pyyhkäläntie,1,,'43100,
Vilppulantie,11,,'43440,
Koulukatu,41,,'60100,
Kototie,12,,'60100,
Vuoritie,11,,'60200,
Huhtalantie,10,,'60220,
Kalevankatu,4,,'60100,
Keskuskatu,32,,'60100,
Blaxnäsvägen,16,,'66295,
Nämpnäsvägen,109,,'64510,
Vasavägen,755,,'64220,
Hämeentie,135,,'00560,
Haapaniemenkatu,16,,'00530,
Agricolankatu,11,,'00530,
Kaikukatu,4,,'00530,
Hämeentie,111,,'00560,
Elimäenkatu,15,,'00510,
Sahanmäenkuja,3,,'00520,
Capellan puistotie,6,,'00540,
Kotisaarenkatu,3,,'00560,
Työpajankatu,7,,'00580,
Sörnäisten rantatie,6,,'00530,
Helsinginkatu,25,,'00510,
Säynäslahdentie,1,,'00560,
Helsinginkatu,1,,'00500,
Nokiantie,2,,'00510,
Karjalantie,9,,'23100,
Opintie,4,,'23100,
Särkitie,6,,'23100,
Tuotekatu,12,,'21200,
Haapaistentie,2,,'23100,
Maskuntie,486,,'21250,
Ruokorannankatu,2,,'21120,
Ihalantie,35,,'21260,
Alhaistentie,6,,'21200,
Vahdontie,10,,'21310,
Piilipuunkatu,2,,'21200,
Honkakatu,1,,'21220,
Rukanriutta,7,,'93830,
Jyväskyläntie,2,,'41230,
Saarijärventie,63,,'40270,
Tikkakoskentie,30,,'41160,
Saarijärventie,51,,'40270,
Palokanorsi,1,,'40270,
Raivaajantie,1,,'40270,
Kirkkokatu,6,,'41160,
Koulukatu,6,,'48100,
Tornatorintie,99,,'48100,
Nissaksentie,1,,'01200,
Suunnistajankuja,2,,'01280,
Porttisuontie,4,,'01200,
Syväyksenkatu,18,,'89600,
Lohitie,3,,'89600,
Risteentie,12,,'89600,
Mäkirinteentie,10,,'36220,
Pakkalantie,386,,'36430,
Kustaa Kolmannen tie,75,,'36270,
Veräjäkuja,1,,'36200,
Hallituskatu,25,,'35800,
Pyhtääntie,38,,'49270,
Hakamäentie,1,,'48400,
Metsontie,20,,'48220,
Tarinatie,2,,'48350,
Malminsuontie,2,,'49220,
Niemelänkyläntie,353,,'84100,
Kyöstintie,4,,'84100,
Juurikoskenkatu,1,,'84100,
Kauppakatu,14,,'84100,
Korhosenkatu,19,,'85310,
Kärnäntie,11,,'62600,
Keistiön kylätie,71,,'23390,
Kolmisopentie,3,,'70780,
Puijonlaaksontie,2,,'70210,
Vitostie,1779,,'70800,
Savonkatu,35,,'79100,
Keilatie,1,,'71470,
Virontörmänkatu,9,,'33310,
Matkuksentie,60,,'70800,
Kissakuusentie,8,,'72100,
Käpytie,12,,'79130,
Savonkatu,43,,'79100,
Särkiniementie,1,,'70700,
Vehmersalmentie,389,,'79150,
Rinnetie,1,,'79100,
Koiravedenkatu,1,,'70800,
Ratakistonkatu,7,,'33300,
Mikkolantie,1,,'33470,
Kyreltie,2,,'39200,
Suolaniityntie,4,,'33480,
Luhalahdentie,2325,,'39410,
Heinisuontie,2,,'34130,
Viljatie,17,,'39310,
Valtakatu,30,,'39200,
Huhdintie,10,,'03600,
Yrittäjäntie,39,,'03600,
Rasitie,1,,'82335,
Södra Munsalavägen,49,,'66950,
Pielisentie,45,,'81700,
Satamatie,8,,'21100,
Rajatie,2,,'21160,
Talosmerentie,82,,'21195,
Oikotie,1,,'61600,
Kielotie,7,,'01300,
Läntinen Valkoisenlähteentie,52,,'01300,
Ratatie,11,,'01300,
Tikkuraitti,13,,'01300,
Simonkyläntie,11,,'01390,
Laurinkatu,37,,'08100,
Lohjanharjuntie,758,,'08500,
Laurinkatu,44,,'08100,
Saukkolantie,298,,'08500,
Marskintie,2,,'08800,
Ojamonharjuntie,61,,'08200,
Puistokatu,23,,'08150,
Huhtakuja,29,,'07680,
Sammonaukio,2,,'48600,
Tarvasjoentie,25,,'21380,
Kirkkotie,132,,'21880,
Valasrannantie,3,,'21900,
Tammentie,7,,'21370,
Keskustie,44,,'19600,
Koitintie,498,,'19610,
Pahkakatu,2,,'48770,
Väyryläntie,4,,'83900,
Kirkkotie,4,,'83900,
Kolintie,94,,'83960,
Käsämäntie,1,,'83430,
Käsämäntie,111,,'83100,
Heinävedentie,1,,'83100,
Tutjuntie,9,,'83100,
Maalarinpolku,10,,'80400,
Sorrontie,4,,'20780,
Ohkolantie,391,,'04530,
Hyvinkääntie,1135,,'04530,
Sälinkääntie,2,,'04600,
Asemakatu,2,,'04620,
Mustamäentie,26,,'04600,
Kaakkumäentie,1,,'04600,
Koulupolku,3,,'04600,
Hakapellonkuja,1,,'21500,
Honkasalontie,3,,'79830,
Käsityökatu,21,,'78200,
Kiertotie,2,,'78210,
Lentokentäntie,130,,'79600,
Askeltie,1,,'79700,
Ilvesvuorenkatu,2,,'01900,
Urttilantie,1,,'05200,
Takamaantie,31,,'05100,
Kauppanummentie,2,,'01900,
Längelmäen kirkkotie,588,,'35480,
Eeliksentie,1,,'34870,
Eräjärventie,1581,,'35220,
Valtatie,1,,'99100,
Pallastunturintie,516,,'99330,
Tunturitie,2,,'99130,
Pietiläntie,8,,'42100,
Keskuskatu,23,,'42100,
Lukkoilantie,4,,'42100,
Talvialantie,2,,'42100,
Suontaustantie,2,,'32710,
Särmänkatu,1,,'32700,
Lauttakyläntie,1,,'31900,
Piispansilta,11,,'02230,
Martinsillantie,10,,'02270,
Kalastajantie,23,,'02230,
Kuunkehrä,4,,'02210,
Komeetankatu,2,,'02210,
Piispansilta,11,,'02230,
Finnoonristi,1,,'02270,
Huvilakatu,3,,'21600,
Parsbyntie,9,,'21600,
Airistontie,700,,'21600,
Österbyntie,15,,'21600,
Timmerkärrintie,10,,'21610,
Rantatie,12,,'21600,
Koulukatu,4,,'68600,
Kauppatori,2,,'68600,
Teerijärventie,3,,'68840,
Hevossaarentie,1,,'18100,
Tehtaantie,13,,'18130,
Reumantie,4,,'18100,
Veljestie,2,,'18200,
Koulutuskeskuksentie,1,,'19120,
Keskuskatu,26,,'18150,
Virtakatu,7,,'18100,
Kinnalantie,4,,'13720,
Tallitie,4,,'13720,
Ventolantie,2,,'13720,
Ilkantie,17,,'60800,
Koskitie,17,,'61330,
Valkiavuorentie,2,,'60550,
Peltotie,4,,'61120,
Pappilantie,6,,'60800,
Kaaronojantie,1,,'60800,
Uusi Littoistentie,48,,'20660,
Ahtonkaari,5,,'21420,
Hiiskanaukeantie,16,,'20660,
Pihkalankatu,7,,'20610,
Vieruntie,1,,'21420,
Padankoskentie,58,,'14980,
Kurrenkuja,1,,'14700,
Kaivonkatsojantie,13,,'00980,
Vuotie,4,,'00980,
Mustalahdentie,4,,'00960,
Kraputie,2,,'00890,
Kerttulinkatu,3,,'20500,
Vähä Hämeenkatu,2,,'20500,
Lemminkäisenkatu,14,,'20520,
Kunnallissairaalantie,20,,'20700,
Konalankuja,2,,'00390,
Valimotie,15,,'00380,
Kaarelantie,14,,'00430,
Pihkatie,6,,'00410,
Ruosilantie,10,,'00390,
Valimotie,27,,'00380,
Henrikintie,10,,'00370,
Oranssikuja,5,,'00430,
Koulutie,4,,'27100,
Kulmatie,2,,'26410,
Voiluodon kylätie,3,,'26950,
Kuninkaankatu,22,,'26100,
Alkutie,9,,'26560,
Hakunintie,28,,'26100,
Teollisuuskatu,2,,'26100,
Vasaraistentie,119,,'26740,
Kairakatu,2,,'26100,
Huittistentie,1259,,'27220,
Lahdentie,628,,'23660,
Saarnitie,2,,'23500,
Kärtyntie,1,,'23360,
Vuosnaistentie,60,,'23360,
Ylikyläntie,130,,'23950,
Vuosnaistentie,616,,'23360,
Tuusankaari,1,,'03100,
Koskentie,3,,'02880,
Vihdintie,3,,'03100,
Lohjantie,51,,'03100,
Vanha Turuntie,370,,'03150,
Karjalantie,11,,'03400,
Haapakyläntie,32,,'03100,
Lapinkyläntie,287,,'02880,
Vaunukuja,1,,'03400,
Askalantie,24,,'21530,
Vistantie,22,,'21530,
Karjakuja,8,,'09630,
Kauppakuja,3,,'09430,
Palomäentie,2,,'09810,
Aamuruskontie,2,,'00750,
Hiidenkiventie,21,,'00730,
Mannerheimintie,78,,'00250,
Länsikatu,18,,'80110,
Lentoasemantie,30,,'80140,
Rauhankatu,1,,'80100,
Merimiehenkatu,36,,'80100,
Lukkotie,10,,'80100,
Kampin metroasema,,,'00100,
Lutherinkatu,3,,'00100,
Eino Leinon katu,7,,'00250,
Apollonkatu,5,,'00100,
Simonkatu,2,,'00100,
Museokatu,44,,'00100,
Salomonkatu,17,,'00100,
Aleksanterinkatu,9,,'00100,
Rantakatu,19,,'80100,
Kosteenkatu,1,,'86300,
Vanhatie,3,,'86220,
Kirkkoväärtinkatu,2,,'86300,
Hakakatu,10,,'86300,
Kampin metroasema,,,'00100,
Isokaari,48,,'00200,
Täysikuuntie,6,,'01760,
Kannistontie,1,,'01700,
Tasetie,8,,'01510,
Valimotie,9,,'01510,
Hämeenlinnanväylä,600,,'01700,
Tikkurilantie,148,,'01530,
Lentoasemantie,1,,'01530,
Valimotie,9,,'01510,
Lentoasemantie,1,,'01530,
Kauppatie,4,,'82675,
Harjuntie,8,,'82500,
Kiteentie,1,,'82500,
Rajantie,821,,'82675,
Kiteentie,46,,'82500,
Ali-Huikkaantie,21,,'33560,
Kangasalantie,120,,'33730,
Sammon valtatie,70,,'33560,
Pohjoiskaari,7,,'00200,
Huoltamontie,4,,'73300,
Kauppalankatu,2,,'45100,
Kaipiaistentie,14,,'46400,
Kaskiniitynkuja,1,,'04130,
Keskussairaalantie,19,,'40620,
Laajavuorentie,15,,'40740,
Kiponniementie,84,,'41940,
Keskussairaalantie,40,,'40630,
Porrastie,1,,'40640,
Maskinnamo,413,,'21660,
Houtskarintie,2085,,'21770,
Saaristotie,6561,,'21710,
Hyppeisvägen,564,,'21760,
Tehtaankatu,5,,'90130,
Hallituskatu,36,,'90100,
Ratakatu,2,,'90130,
Saaristonkatu,16,,'90100,
Viasvägen,99,,'66140,
Åminnevägen,333,,'66100,
Bredhällsvägen,86,,'66220,
Kummunkatu,11,,'83500,
Piennartie,4,,'83400,
Joensuunkatu,35,,'83500,
Mustajärvi,,,'16300,
Artjärventie,274,,'16300,
Luhtikyläntie,987,,'16300,
Terveystie,1,,'16300,
Särkimo,919,,'66640,
Kvimovägen,223,,'66640,
Palosaarentie,19,,'65200,
Kyrkvägen,79,,'65800,
Veikarsvägen,910,,'66520,
Vanhan Vaasan katu,19,,'65370,
Sairaskodinkatu,1,,'65100,
Asemakatu,32,,'65100,
Gamla Karperövägen,17,,'65610,
Västervikintie,2,,'65280,
Sininentie,205,,'72600,
Vuorikatu,5,,'65100,
Isolahdentie,13,,'65230,
Lemmenpolku,3,,'65170,
Hovioikeudenpuistikko,9,,'65100,
Tölby-Vikbyvägen,67,,'65480,
Jukolantie,1,,'65300,
Kirkkotori,10,,'37800,
Yrittäjäntie,4,,'37910,
Pätsiniementie,4,,'37800,
Akaantie,2,,'37800,
Rautatienkatu,21,,'10600,
Sköldargårdintie,7,,'10620,
Rengonraitti,16,,'14300,
Parolantie,24,,'13130,
Wartiamäentie,2,,'13130,
Härkiluhdantie,10,,'13600,
Rengonraitti,20,,'14300,
Paroistentie,1,,'13600,
Arkkitehdinkatu,9,,'33720,
Eerikinkatu,23,,'00180,
Mechelininkatu,1,,'00180,
Graanintie,1,,'50190,
Laajatie,15,,'50500,
Rantakyläntie,2,,'50600,
Mertajärventie,6,,'57220,
Ruokojärventie,8,,'58410,
Miekkoniemenkatu,2,,'57200,
Kirkkorannantie,8,,'41520,
Liepeentie,8,,'41400,
Liepeentie,2,,'41400,
Ylätie,20,,'82900,
Koulutie,8,,'41900,
Seppäläntie,8,,'41310,
Vasarakatu,4,,'40320,
Väinämöisenkatu,6,,'32200,
Metsontie,3,,'32210,
Oripääntie,858,,'32410,
Rasinkuja,2,,'32500,
Huhtamontie,3,,'32440,
Koulutie,2,,'32500,
Puistokatu,4,,'32200,
Koivusaarentie,382,,'32300,
Mäenpäänkatu,2,,'32200,
Hämeentie,238,,'32200,
Perttulantie,5,,'32100,
Vareliuksenkatu,2,,'32200,
Peltohaantie,1,,'62375,
Kauniskankaantie,2,,'45360,
Jukolantie,8,,'45200,
Eskilomintie,20,,'07880,
Vanha Tie,11,,'07890,
Koivistontie,2,,'07830,
Turuntie,18,,'31400,
Koskentie,349,,'31500,
Häntäläntie,182,,'31450,
Salkolantie,303,,'31470,
Hämeen Härkätie,658,,'31400,
Etelänkyläntie,248,,'85100,
Kokkolantie,1,,'85100,
Matkailutie,311,,'85100,
Kauppareitti,2,,'90900,
Kellartie,61,,'57710,
Suuri Savontie,1,,'57510,
Tinankuja,1,,'02430,
Evitskogintie,863,,'02550,
Rannikkotie,31,,'02580,
Loutinkatu,9,,'04400,
Vanhankyläntie,65,,'04400,
Kinnarinkatu,1,,'04430,
Perttiläntie,2,,'04420,
Kuusitie,44,,'04480,
Yhteiskouluntie,17,,'04400,
Salpatie,11,,'04410,
Ulappakatu,2,,'02320,
Soukantie,14,,'02360,
Taivaanpankontie,16,,'70200,
Kiekkotie,4,,'70200,
Iivisniemenkatu,3,,'02260,
Soukanniemi,4,,'02360,
Tarkkistentie,108,,'06150,
Hollituvantie,1,,'06450,
Välikatu,13,,'06100,
Johannisbergintie,31,,'06100,
Sibeliuksenbulevardi,10,,'06100,
Kerkkoontie,92,,'06530,
Vanha Kuninkaantie,2,,'06100,
Maistraatinkatu,2,,'06100,
Hankaintie,1,,'06100,
Kettuvaarantie,32,,'80260,
Lasinpuhaltajantie,1,,'80170,
Sairaalatie,6,,'80850,
Tikkamäentie,16,,'80200,
Varparannantie,44,,'81120,
Peltolantie,2,,'80710,
Jakokoskentie,15,,'81220,
Jaakkolantie,12,,'75530,
Lehtovaarankatu,10,,'75500,
Juankoskentie,20,,'73500,
Syöttäjänkatu,2,,'40520,
Ahertajantie,2,,'02100,
Keilalahdentie,2,,'02150,
Ahertajantie,5,,'02100,
Tapionaukio,4,,'02100,
Ideaparkinkatu,4,,'37570,
Tampereentie,453,,'33880,
Vanattarantie,2,,'37550,
Tampereentie,25,,'37500,
Runeberginkatu,31,,'00100,
Eteläinen Hesperiankatu,22,,'00100,
Narinkka,5,,'00100,
Elielinaukio,2,,'00100,
Atlantinkatu,7,,'00220,
Itämerenkatu,21,,'00180,
Länsisatamankatu,24,,'00220,
Välitie,2,,'81200,
Pohjankyröntie,141,,'61500,
Pysäkkitie,54,,'61500,
Södra Terjärvvägen,5,,'68700,
Kirkkotanhua,1,,'69700,
Vapaudenkatu,10,,'98100,
Käldövägen,143,,'21660,
Lillandsvägen,564,,'21650,
Sandholm,,,'21650,
Nötö,270,,'21680,
Viksvägen,7,,'21660,
Nuolialantie,52,,'33900,
Hatanpään puistokuja,29,,'33900,
Peltolamminkatu,10,,'33840,
Untamontie,97,,'23800,
Kenkätie,2,,'33950,
Viinikankatu,40,,'33800,
Keisarinviitta,2,,'33960,
Multisillankatu,2,,'33850,
Vihilahdenkatu,6,,'33900,
Rautatienkatu,10,,'33100,
Ahlmanintie,26,,'33100,
Hatanpään valtatie,1,,'33100,
Vuolteenkatu,1,,'33100,
Järvensivuntie,57,,'33100,
Ruotsinkyläntie,5,,'07990,
Brandensteininkatu,13,,'07900,
Porvoonkatu,10,,'07900,
Ahvenkoskentie,3,,'07960,
Vårdöntie,55,,'07910,
Leppävaarankatu,3,,'02600,
Ukkohauentie,11,,'02170,
Henttaan puistokatu,6,,'02250,
Kauniaistentie,7,,'02700,
Merituulentie,36,,'02200,
Puutarhurintie,1,,'02940,
Linnoitustie,2,,'02600,
Kirkkonummentie,32,,'02140,
Suurpellon puistokatu,8,,'02250,
Niittymaantie,2,,'02200,
Kasavuorentie,1,,'02700,
Turuntie,97,,'02650,
Tammelan puistokatu,29,,'33500,
Ritakatu,7,,'33530,
Mutkakatu,34,,'33500,
Sammonkatu,60,,'33540,
Kalevan puistotie,14,,'33500,
Tervamäentie,2,,'15270,
Makarantie,2,,'15230,
Merrasjärvenkatu,1,,'15240,
Alasenkatu,1,,'15300,
Kiveriönkatu,32,,'15200,
Särkikuja,1,,'95800,
Hotellintie,6,,'95980,
Jokijalantie,14,,'95900,
Sannanrannantie,3,,'95970,
Valtatie,13,,'91500,
Kolehmaisentie,2,,'91700,
Valtakatu,43,,'45700,
Murikantie,1,,'68410,
Bosundvägen,57,,'68555,
Tehtaankatu,13,,'67100,
Piispansuora,5,,'67410,
Flatabackvägen,15,,'67500,
Metsonkuja,8,,'67800,
Aspinmäentie,6,,'63610,
Kauppaneuvoksentie,1,,'63400,
Kauppakuja,2,,'90830,
Kissankuja,4,,'90820,
Joukahaisentie,36,,'49510,
Tallinmäenkatu,2,,'49400,
Mannerheimintie,16,,'49400,
Kadettikoulunkatu,13,,'49400,
Kauppatie,1,,'34300,
Onkiniemenkatu,1,,'33230,
Hallituskatu,9,,'33200,
Tahmelan viertotie,2,,'33240,
Pohtolankatu,17,,'33400,
Turvesuonkatu,2,,'33400,
Laihiantie,42,,'66400,
Vaahterakatu,2,,'37120,
Rantatie,21,,'19650,
Myllytie,8,,'19650,
Pikkuniityntie,2,,'91100,
Turuntie,150,,'02740,
Hansatie,3,,'02780,
Ylämyllyntie,1,,'02740,
Kirstintie,18,,'02760,
Vanttilantie,8,,'02780,
Kulovalkeantie,19,,'02760,
Klippinkitie,9,,'02780,
Hovintie,224,,'52100,
Sillanpäänkatu,34,,'24130,
Muurlantie,384,,'25130,
Sähkökuja,2,,'24800,
Kaukolantie,401,,'25130,
Vierumäentie,9,,'01450,
Viiriläntie,2,,'01490,
Leppäkorventie,32,,'01450,
Venuksenkuja,3,,'01480,
Mäkikuumolantie,2,,'05800,
Jussilankatu,5,,'05880,
Uudenmaankatu,67,,'05830,
Nukarintie,16,,'05450,
Hämeenkatu,21,,'05800,
Keskustie,2,,'05400,
Lehmustie,1,,'05460,
Uudenmaankatu,106,,'05840,
Latokartanonkaari,23,,'00790,
Malmin kauppatie,18,,'00700,
Horontie,1349,,'64740,
Asevelitie,1,,'61800,
Mikkiläntie,12,,'64700,
Asematie,2,,'71800,
Maaningantie,43,,'71750,
Laitilantie,30,,'71850,
Mustanvirrantie,2,,'71730,
Viitonen,3140,,'71820,
Laitilantie,1,,'71800,
Kiventie,1,,'62900,
Keskuskatu,14,,'62900,
Välikatu,2,,'62900,
Keskustie,45,,'63100,
Alpuantie,13,,'86460,
Kokkolantie,1116,,'86170,
Pakilantie,95,,'00670,
Radiokatu,19,,'00240,
Esterinportti,2,,'00240,
Pakilantie,48,,'00660,
Esterinportti,2,,'00240,
Näyttelijäntie,1,,'00400,
Vuorikatu,9,,'70100,
Tulliportinkatu,29,,'70100,
Asemakatu,2,,'70100,
Haapaniementie,4,,'70100,
Kellokuja,1,,'70460,
Postintaival,7,,'00230,
Asemakatu,1,,'38700,
Niinisalonkatu,12,,'38840,
Kauppatori,3,,'38700,
Vanhatie,28,,'29630,
Turuntie,21,,'24240,
Kalkkimäenrinne,2,,'24280,
Bulevardi,10,,'25410,
Asemakatu,15,,'24100,
Kokkilantie,875,,'25230,
Närveläntie,1,,'24130,
Rauhalinnankaari,3,,'24100,
Raatalantie,275,,'25320,
Turrintie,3,,'25360,
Prismantie,2,,'24800,
Impolantie,1,,'25330,
Raumantie,1,,'00350,
Paciuksenkaari,14,,'00270,
Munkkiniemen puistotie,22,,'00330,
Munkkiniemen puistotie,22,,'00330,
Huopalahdentie,15,,'00330,
Raumantie,1,,'00350,
Tilkankatu,5,,'00300,
Kuusitie,6,,'00270,
Lappeenrannantie,2132,,'52830,
Siipyyntie,704,,'64490,
Marianrannankatu,1,,'64260,
Salantie,20,,'64100,
Tervahovintie,1,,'64100,
Rouhialankatu,49,,'50100,
Moisiontie,10,,'50520,
Jääkärinkatu,10,,'50100,
Aninkaistenkatu,6,,'20100,
Yliopistonkatu,20,,'20100,
Pääskyntie,13,,'34800,
Virtaintie,28,,'34800,
Inkantie,49,,'34980,
Kelosyötteentie,9,,'93280,
Romekievarintie,126,,'93280,
Sähkötie,1,,'93100,
Mustialantie,16,,'31300,
Aleksinkatu,5,,'30100,
Kuustontie,6,,'30100,
Portaantie,548,,'31340,
Ystävyydentie,1,,'30100,
Kiipuntie,45,,'31630,
Urjalantie,35,,'31760,
Suorannantie,25,,'31140,
Arkadiantie,3,,'25700,
Engelsbyntie,9,,'25700,
Aimontapontie,29,,'25520,
Vänö,,,'25900,
Örö,69,,'25930,
Raja-ahteentie,460,,'25160,
Salontie,20,,'25500,
Vretantie,39,,'25710,
Engelsbyntie,9,,'25700,
Hallitie,2,,'46860,
Valtatie,1,,'46900,
Särpimäenkatu,27,,'37600,
Holmantie,2,,'95450,
Koivuharjunkatu,55,,'94200,
Valiontie,8,,'94450,
Vajokkaantie,4,,'94500,
Ulmalantie,60,,'74510,
Savonkatu,22,,'74100,
Lehtomäentie,176,,'74170,
Riistakatu,11,,'74100,
Tulotie,10,,'74700,
Savonkatu,23,,'74100,
Juhani Ahontie,1,,'73100,
Brofeldtintie,5,,'74120,
Keskustie,33,,'42600,
Ronkavuorentie,9,,'42700,
Kiveläntie,1,,'42700,
Keuruuntie,11,,'42700,
Seiponniementie,7,,'42700,
Jokijärventie,296,,'93540,
Kilpisjärventie,644,,'95620,
Niurontie,7,,'95600,
Satamatie,79,,'10820,
Santalantie,3,,'10960,
Kadermonkatu,36,,'10900,
Kauppatie,45,,'44300,
Puistokatu,12,,'44150,
Matkakatu,2,,'44100,
Työskintie,3,,'44100,
Nuijamaantie,1740,,'54230,
Kurjentie,67,,'53650,
Penttiläntie,1127,,'54100,
Kangastie,2,,'54120,
Saimaantie,62,,'54100,
Ylämaantie,3016,,'54410,
Harapaisentie,57,,'53500,
Saimaantie,5,,'54100,
Pöyhiänniementie,2,,'54100,
Hedelmätarhantie,1,,'15860,
Heinolan Vanhatie,25,,'15170,
Pasaasi,2,,'15700,
Laitakatu,4,,'15150,
Puotikatu,7,,'15700,
Miekkiöntie,516,,'15700,
Eteläinen Liipolankatu,9,,'15500,
Kasitie,540,,'92350,
Ollinkalliontie,2,,'92100,
Koskikatu,9,,'96200,
Ylikyläntie,15,,'96800,
Lapinkävijäntie,7,,'96100,
Kittiläntie,9255,,'97420,
Juppotie,2,,'96910,
Rommantie,59,,'97110,
Pallarintie,28,,'96600,
Muonakuja,1,,'96460,
Kairatie,56,,'96190,
Alakorkalontie,22,,'96300,
Lentoasemankuja,18,,'96930,
Postikatu,1,,'96100,
Asikkalantie,2,,'16800,
Klaavuntie,2,,'00910,
Gotlanninkatu,13,,'00930,
Hiihtomäentie,23,,'00800,
Siilitien metroasema,,,'00800,
Sorvaajankatu,9,,'00880,
Turunlinnantie,4,,'00930,
Laivalahdenportti,3,,'00810,
Tapionkatu,4,,'40100,
Ahlmaninkatu,2,,'40100,
Kauppakatu,21,,'40100,
Vapaaherrantie,2,,'40100,
Yliopistonkatu,39,,'20100,
Aurakatu,12,,'20100,
Ensimmäinen linja,2,,'20100,
Jyrkkälänkatu,2,,'20210,
Köydenpunojankatu,14,,'20100,
Puutarhakatu,34,,'20100,
Maatullinaukio,10,,'00750,
Kallentie,1,,'40820,
Vaajakoskentie,101,,'40420,
Toivakantie,30,,'41660,
Asematie,1,,'40800,
Ratsumiehenkatu,4,,'20880,
Martinkatu,1,,'20810,
Stålarminkatu,2,,'20810,
Pikiaukio,2,,'20900,
Harjattula strandväg,20,,'20960,
Keskuskatu,3,,'76100,
Asemakatu,4,,'76100,
Kuopiontie,24,,'76150,
Keskuskatu,35,,'76100,
Rita-aukiontie,2,,'90540,
Takalaanilantie,2,,'90600,
Ruukintie,7,,'10330,
Gösvägen,19,,'10270,
Kullaanniemi,220,,'10420,
Päivöläntie,509,,'10140,
Yläniementie,51,,'41340,
Herralantie,1,,'77600,
Kerkontie,6,,'77930,
Rautalammintie,14,,'77600,
Rautatiekuja,4,,'01150,
Kivikkoahontie,4,,'90240,
Kurkelantie,2,,'90230,
Nuottasaarentie,1,,'90400,
Kangaskontiontie,3,,'90240,
Alasintie,7,,'90400,
Ranta-Toivalantie,140,,'70900,
Kettulanlahdentie,32,,'70400,
Vehmersalmentie,735,,'71130,
Päkintie,2,,'28330,
Satamapuisto,26,,'28900,
Palokunnantie,39,,'28370,
Vanhatie,4,,'28260,
Presidentinpuistokatu,14,,'28130,
Liisankatu,2,,'28100,
Mörtintie,1,,'28760,
Mäntykuja,2,,'28580,
Hevoshaankatu,3,,'28600,
Korpraalintie,36,,'28600,
Pohjoisrannantie,317,,'29200,
Maantiekatu,31,,'28120,
Työmiehenkatu,3,,'28100,
Ahlaistentie,658,,'29700,
Friitalantie,18,,'28400,
Isolinnankatu,24,,'28100,
Antinkatu,12,,'28100,
Tulostie,1,,'51900,
Juvantie,12,,'51900,
Kuushukkalantie,273,,'51940,
Tehtaantie,2,ULVILA,'28400,ULVILA
Torikatu,7,HYVINKÄÄ,'05800,HYVINKÄÄ
Kvarnvägen,1,Kronoby,'68500,Kronoby
Järvikatu,3,Alajärvi,'62900,Alajärvi
Kaukolanraitti,4,Ylistaro (L),'61400,Ylistaro (L)
Nietostie,19,Vantaa,'01390,Vantaa
Alhotie,4,JÄRVENPÄÄ,'04430,JÄRVENPÄÄ
Rautatiekuja,4,SÖDERKULLA,'01150,SÖDERKULLA
Linnankoskenkatu,14,Helsinki,'00250,Helsinki
Pihkatie,6,Helsinki,'00410,Helsinki
Sturenkatu,21,Helsinki (L),'00500,Helsinki (L)
Lyhtytie,17,Helsinki,'00741,Helsinki
Rukatunturintie,2,Helsinki,'00970,Helsinki
Vuotie,45,Helsinki,'00980,Helsinki
Talvialantie,2,JÄMSÄ (L),'42100,JÄMSÄ (L)
Kauppareitti,2,Kiiminki,'90900,Kiiminki
Työmiehentie,23,Simo (L),'95200,Simo (L)
Kainuuntie,23,Sotkamo,'88600,Sotkamo
Kalliotie,19,Nivala,'85500,Nivala
Kauppakatu,26,Haapajärvi,'85800,Haapajärvi
Inarintie,51,Inari,'99870,Inari
Puronsuunkatu,1,Joensuu,'80160,Joensuu
Tulliportinkatu,10,Savonlinna,'57100,Savonlinna
Brandensteininkatu,17,LOVIISA,'07900,LOVIISA
Karvarinaukio,7,Oulu,'90650,Oulu
Pläkkikaupunginkatu,27,Turku,'20320,Turku
Saarijärventie,50,PALOKKA,'40270,PALOKKA
Kauppakuja,2,Haukipudas,'90830,Haukipudas
Laitilantie,10,Utajärvi,'91600,Utajärvi
Kirkkotie,9,Kempele,'90440,Kempele
Kummunkatu,11,Outokumpu,'83500,Outokumpu
Relanderinkatu,24,Varkaus,'78200,Varkaus
Harapaisentie,57,Lappeenranta (L),'53500,Lappeenranta (L)
Keskuskaari,5,Masku,'21250,Masku
Heikkiläntie,2,Perniö,'25500,Perniö
Karjatie,3,Lieto,'21420,Lieto
Huhdintie,10,KARKKILA,'03600,KARKKILA
Eerikinkatu,19,Turku (L),'20100,Turku (L)
Liikekatu,3,TAMPERE,'33580,TAMPERE
Tietolantie,1,VIRKKALA,'08700,VIRKKALA
Vesmannintie,4,VAAJAKOSKI (L),'40800,VAAJAKOSKI (L)
Merivalkama,2,Espoo,'02320,Espoo
Lindforsinkatu,2,TAMPERE,'33720,TAMPERE
Työskintie,3,ÄÄNEKOSKI (L),'44100,ÄÄNEKOSKI (L)
Satakunnankatu,30,EURA,'27510,EURA
Koivulahdentie,4,Koivulahti (L),'66530,Koivulahti (L)
Porvarintie,14,Teuva,'64700,Teuva
Teollisuustie,1,Isojoki,'64900,Isojoki
Maariankatu,4,Hamina,'49400,Hamina
Puistotie,1,Kontiolahti,'81100,Kontiolahti
Kapteeninkatu,14,Kotka,'48100,Kotka
Sysmäntie,47,Sysmä,'19700,Sysmä
Valtatie,16,Inkeroinen,'46900,Inkeroinen
Kauppatie,24,Punkaharju,'58500,Punkaharju
Hakamäentie,1,Kotka,'48400,Kotka
Ruosilantie,10,Helsinki,'00390,Helsinki
Ruosilantie,10,Helsinki,'00370,Helsinki
Hietakummuntie,19,Helsinki,'00710,Helsinki
Maakotkantie,6,Vantaa,'01450,Vantaa
Hämeensaarentie,7,Hämeenlinna,'13100,Hämeenlinna
Mäkitorpantie,21,Helsinki,'00640,Helsinki
Tunnelitie,4,_Kauniainen,'02700,_Kauniainen
Niipperintie,3,Espoo,'02920,Espoo
Kauppamiehenkatu,4,Kouvola,'45100,Kouvola
Toritie,51,Kuhmoinen,'17800,Kuhmoinen
Linnanherrankatu,9,HUITTINEN,'32700,HUITTINEN
Katajanokanlaituri,4,Helsinki,'00160,Helsinki
Siltapuistokatu,14,PORI,'28105,PORI
Presidentinpuistokatu,14,PORI,'28130,PORI
Satakunnankatu,23,PORI,'28134,PORI
Päkintie,2,PORI,'28330,PORI
Eteläväylä,2,PORI,'28615,PORI
Kiviaidantie,11,PORI,'28800,PORI
Hirvijärventie,1,SIIKAINEN,'29810,SIIKAINEN
Yhtiönkatu,,FORSSA,'30105,FORSSA
Nikkilänkatu,4,FORSSA,'30105,FORSSA
Hakkapeliitantie,5,TAMMELA,'31304,TAMMELA
Kiiruuntie,1,SOMERO,'31404,SOMERO
Keskuskatu,23,JOKIOINEN,'31604,JOKIOINEN
Peltorinteentie,1,URJALA,'31764,URJALA
Annantie,2,YPÄJÄ,'32100,YPÄJÄ
Aleksis Kiven katu,11,LOIMAA,'32200,LOIMAA
Aleksis Kiven katu,7,LOIMAA,'32205,LOIMAA
Melliläntie,103,LOIMAA,'32300,MELLILÄ
Loimijoentie,82,LOIMAA,'32440,ALASTARO
Särmänkatu,1,HUITTINEN,'32700,HUITTINEN
Kyllikinkatu,11,TAMPERE,'33104,TAMPERE
Tullikatu,6,TAMPERE,'33104,TAMPERE
Hämeenkatu,21,TAMPERE,'33204,TAMPERE
Hallituskatu,16,TAMPERE,'33204,TAMPERE
Aleksis Kiven katu,18,TAMPERE,'33214,TAMPERE
Pispalan valtatie,2,TAMPERE,'33250,TAMPERE
Turvesuonkatu,2,TAMPERE,'33400,TAMPERE
Raamikatu,12,TAMPERE,'33404,TAMPERE
Teivaalantie,3,TAMPERE,'33404,TAMPERE
Hiitintie,1,TAMPERE,'33405,TAMPERE
Rauhalantie,2,YLÖJÄRVI,'33484,YLÖJÄRVI
Tammelan puistokatu,29,TAMPERE,'33504,TAMPERE
Ilmarinkatu,49,TAMPERE,'33504,TAMPERE
Väinämöisenkatu,33,TAMPERE,'33544,TAMPERE
Pellervonkatu,15,TAMPERE,'33544,TAMPERE
Sammonkatu,56,TAMPERE,'33544,TAMPERE
Junailijankatu,1,TAMPERE,'33564,TAMPERE
Liikekatu,3,TAMPERE,'33580,TAMPERE
Keskisenkatu,5,TAMPERE,'33714,TAMPERE
Nekalankulma,5,TAMPERE,'33804,TAMPERE
Viinikankatu,40,TAMPERE,'33805,TAMPERE
Koivistontie,10,TAMPERE,'33824,TAMPERE
Peltolamminkatu,10,TAMPERE,'33840,TAMPERE
Myrskynkatu,6,TAMPERE,'33904,TAMPERE
Aurinkolantie,5,NASTOLA,'15564,NASTOLA
Keijutie,31,LAHTI,'15704,LAHTI
Pasaasi,2,LAHTI,'15704,LAHTI
Mommilantie,12,HÄMEENLINNA,'16900,LAMMI
Tallukantie,1,ASIKKALA,'17204,VÄÄKSY
Kartanotie,2,ASIKKALAN,'17204,VÄÄKSY
Rusthollintie,1,ASIKKALA,'17204,VÄÄKSY
Reumantie,4,HEINOLA,'18100,HEINOLA
Hevossaarentie,1,HEINOLA,'18105,HEINOLA
Yhdystie,10,HARTOLA,'19600,HARTOLA
Sysmäntie,47,SYSMÄ,'19700,SYSMÄ
Eerikinkatu,19,TURKU,'20100,TURKU
Eerikinkatu,19,TURKU,'20104,TURKU
Eerikinkatu,11,TURKU,'20105,TURKU
Yliopistonkatu,22,TURKU,'20105,TURKU
Uhrilähteenkatu,2,TURKU,'20254,TURKU
Viilarinkatu,12,TURKU,'20324,TURKU
Konstanzankatu,1,TURKU,'20324,TURKU
Friskinkatu,4,TURKU,'20364,TURKU
Kalevantie,41,TURKU,'20525,TURKU
Hakakatu,16,TURKU,'20544,TURKU
Littoistentie,81,TURKU,'20610,TURKU
Littoistentie,81,TURKU,'20614,TURKU
Uudenmaantie,17,TURKU,'20700,TURKU
Uudenmaantie,17,TURKU,'20705,TURKU
Skanssinkatu,10,TURKU,'20734,TURKU
Mustionkatu,31,TURKU,'20754,TURKU
Kairiskulmantie,3,KAARINA,'20764,PIISPANRISTI
Hovirinnantie,5,KAARINA,'20784,KAARINA
Jungmanninkatu,1,TURKU,'20814,TURKU
Ratsumiehenkatu,8,TURKU,'20884,TURKU
Aamunkoitonkatu,1,TURKU,'20904,TURKU
Vanha kakskerrantie,1,TURKU,'20905,TURKU
Maskuntie,232,MASKU,'21254,MASKU
Vahdontie,1507,RUSKO,'21310,VAHTO
Turuntie,2,AURA,'21380,AURA
Savirannankuja,2,AURA,'21384,AURA
Nenämäentie,3,LIETO,'21414,VANHALINNA
Karjatie,3,LIETO,'21420,LIETO
Ahtonkaari,5,LIETO,'21420,LIETO
Simpukkatie,8,LIETO,'21424,LIETO
Hyvättyläntie,2,LIETO,'21424,LIETO
Hanhenkaari,3,LIETO,'21425,LIETO
Lasihytti,2,ESPOO,'02780,ESPOO
Koskentie,3,KIRKKONUMMI,'02884,VEIKKOLA
Koskentie,2,KIRKKONUMMI,'02885,VEIKKOLA
Lahnuksentie,2,ESPOO,'02970,ESPOO
Keskikuja,3,VIHTI,'03100,NUMMELA
Kyöstinpolku,6,NUMMELA,'03104,NUMMELA
Naaranpajuntie,3,VIHTI,'03105,NUMMELA
Keskikuja,3,VIHTI,'03105,NUMMELA
Mäntylänkatu,1,KARKKILA,'03605,KARKKILA
Kauppakaari,10,KERAVA,'04204,KERAVA
Aleksis Kiven tie,3,KERAVA,'04204,KERAVA
Koivikontie,2,KERAVA,'04260,KERAVA
Koivikontie,2,KERAVA,'04264,KERAVA
Pajalantie,19,JÄRVENPÄÄ,'04405,JÄRVENPÄÄ
Riffikatu,1,JÄRVENPÄÄ,'04414,JÄRVENPÄÄ
Laurilantie,35,JÄRVENPÄÄ,'04435,JÄRVENPÄÄ
Oksapolku,1,JÄRVENPÄÄ,'04440,JÄRVENPÄÄ
Oksapolku,1,JÄRVENPÄÄ,'04444,JÄRVENPÄÄ
Oksapolku,1,JÄRVENPÄÄ,'04444,JÄRVENPÄÄ
Maisalantie,9,MÄNTSÄLÄ,'04604,MÄNTSÄLÄ
Keskuskatu,1,MÄNTSÄLÄ,'04605,MÄNTSÄLÄ
Kiljavantie,5,NURMIJÄRVI,'05200,RAJAMÄKI
Kiljavantie,5,RAJAMÄKI,'05204,RAJAMÄKI
Lehmustie,1,HYVINKÄÄ,'05465,HYVINKÄÄ
Hämeenkatu,9,HYVINKÄÄ,'05800,HYVINKÄÄ
Hämeenkatu,9,HYVINKÄÄ,'05804,HYVINKÄÄ
Kesätuulentie,2,PORVOO,'06105,PORVOO
Sammontie,1,PORVOO,'06150,PORVOO
Kipinätie,2,PORVOO,'06150,PORVOO
Asentajantie,5,PORVOO,'06154,PORVOO
Koskitie,1,PORNAINEN,'07174,PORNAINEN
Lapinjärventie,14,LAPINJÄRVI,'07800,LAPINJÄRVI
Lapinjärventie,23,LAPINJÄRVI,'07804,LAPINJÄRVI
Arkkitehdintie,5,LOVIISA,'07905,LOVIISA
Ojamonharjuntie,61,LOHJA,'08200,LOHJA
Korjaamokuja,3,LOHJA,'08204,LOHJA
Ojamonharjuntie,61,LOHJA,'08205,LOHJA
Ratakatu,50,KARJAA,'10304,KARJAA
Koulukatu,1,RAASEPORI,'10305,KARJAA
Askersintie,44,RAASEPORI,'10360,MUSTIO
Pohjantie,2,RAASEPORI,'10424,POHJANKURU
Oikotie,2,RAASEPORI,'10604,TAMMISAARI
Rautatienkatu,19,RAASEPORI,'10605,TAMMISAARI
Keskuskatu,15,RIIHIMÄKI,'11100,RIIHIMÄKI
Hämeenkatu,40,RIIHIMÄKI,'11104,RIIHIMÄKI
Keskuskatu,15,RIIHIMÄKI,'11105,RIIHIMÄKI
Kontiontie,34,RIIHIMÄKI,'11124,RIIHIMÄKI
Peltosaarenkatu,1,RIIHIMÄKI,'11134,RIIHIMÄKI
Peltokuja,3,RIIHIMÄKI,'11134,RIIHIMÄKI
Würthintie,1,RIIHIMÄKI,'11714,RIIHIMÄKI
Asemantie,13,HAUSJÄRVI,'12244,HIKIÄ
Läyliäistenraitti,346,LOPPI,'12600,LÄYLIÄINEN
Korkeakoulunkatu,11,HÄMEENLINNA,'13104,HÄMEENLINNA
Parolantie,9,HÄMEENLINNA,'13130,HÄMEENLINNA
Katsastusmiehentie,6,HÄMEENLINNA,'13135,HÄMEENLINNA
Mantereenlinnantie,3,HÄMEENLINNA,'13300,HÄMEENLINNA
Keskuskuja,2,JANAKKALA,'14200,TURENKI
Sokeriportti,1,TURENKI,'14204,TURENKI
Harvialantie,5,JANAKKALA,'14205,TURENKI
Tuulosentie,1,TUULOS,'14814,TUULOS
Vapaudenkatu,10,LAHTI,'15114,LAHTI
Kauppakatu,18,LAHTI,'15144,LAHTI
Makasiinikatu,3,LAHTI,'15150,LAHTI
Heinolan Vanhatie,25,LAHTI,'15175,LAHTI
Kivistönkatu,1,LAHTI,'15214,LAHTI
Ritaniemenkatu,13,LAHTI,'15244,LAHTI
Rajatorpantie,8,VANTAA,'01604,VANTAA
Jönsaksentie,6,VANTAA,'01604,VANTAA
Kivivuorentie,4,VANTAA,'01620,VANTAA
Laajavuorenkuja,2,VANTAA,'01625,VANTAA
Torpantie,4,VANTAA,'01650,VANTAA
Ollaksentie,35,VANTAA,'01694,VANTAA
Viirintie,8,KLAUKKALA,'01804,KLAUKKALA
Viirintie,9,NURMIJÄRVI,'01805,KLAUKKALA
Kauppanummentie,2,NURMIJÄRVI,'01905,NURMIJÄRVI
Länsituulentie,4,ESPOO,'02100,ESPOO
Länsituuli,12,ESPOO,'02105,ESPOO
Länsituulentie,4,ESPOO,'02105,ESPOO
Metsänneidonkuja,8,ESPOO,'02134,ESPOO
Ahventie,4,ESPOO,'02174,ESPOO
Niittymäentie,7,ESPOO,'02204,ESPOO
Komeetankatu,2,ESPOO,'02215,ESPOO
Piispansilta,11,ESPOO,'02234,ESPOO
Henttaan puistokatu,6,ESPOO,'02254,ESPOO
Finnoonlaaksontie,9,ESPOO,'02275,ESPOO
Malminkorpi,2,ESPOO,'02284,ESPOO
Malminkorpi,1,ESPOO,'02285,ESPOO
Ristiniementie,19,ESPOO,'02324,ESPOO
Kivenlahdenkatu,1,ESPOO,'02324,ESPOO
Ulappakatu,2,ESPOO,'02324,ESPOO
Soukantie,16,ESPOO,'02360,ESPOO
Ervastintie,3,KIRKKONUMMI,'02404,KIRKKONUMMI
Leppävaarankatu,3,ESPOO,'02600,ESPOO
Linnoitustie,6,ESPOO,'02604,ESPOO
Linnoitustie,4,ESPOO,'02604,ESPOO
Perilänkuja,6,ESPOO,'02604,ESPOO
Karakaari,7,ESPOO,'02614,ESPOO
Karaniityntie,2,ESPOO,'02615,ESPOO
Asematie,1,KAUNIAINEN,'02705,KAUNIAINEN
Kulovalkeantie,19,ESPOO,'02764,ESPOO
Kamreerintie,3,ESPOO,'02770,ESPOO
Kirjanpitäjänkuja,4,ESPOO,'02774,ESPOO
Ruosilantie,10,HELSINKI,'00394,HELSINKI
Teuvo Pakkalan tie,1,HELSINKI,'00404,HELSINKI
Näyttelijäntie,14,HELSINKI,'00404,HELSINKI
Juustenintie,6,HELSINKI,'00414,HELSINKI
Temperankatu,2,HELSINKI,'00434,HELSINKI
Hämeentie,16,HELSINKI,'00500,HELSINKI
Helsinginkatu,2,HELSINKI,'00504,HELSINKI
Junailijankuja,5,HELSINKI,'00524,HELSINKI
Asemapäällikönkatu,3,HELSINKI,'00524,HELSINKI
Haapaniemenkatu,16,HELSINKI,'00534,HELSINKI
Haapaniemenkatu,12,HELSINKI,'00534,HELSINKI
Siltasaarenkatu,18,HELSINKI,'00535,HELSINKI
Antareksenkatu,3,HELSINKI,'00544,HELSINKI
Hämeentie,111,HELSINKI,'00564,HELSINKI
Toini Muonan katu,8,HELSINKI,'00564,HELSINKI
Svinhufvudintie,13,HELSINKI,'00574,HELSINKI
Vanha talvitie,12,HELSINKI,'00584,HELSINKI
Tuulensuunkuja,3,HELSINKI,'00584,HELSINKI
Pohjolankatu,38,HELSINKI,'00614,HELSINKI
Metsäpurontie,2,HELSINKI,'00635,HELSINKI
Käskynhaltijantie,10,HELSINKI,'00644,HELSINKI
Hietakummuntie,19,HELSINKI,'00700,HELSINKI
Salpausseläntie,11,HELSINKI,'00715,HELSINKI
Latokartanonkaari,23,HELSINKI,'00790,HELSINKI
Klaavuntie,11,HELSINKI,'00915,HELSINKI
Turunlinnantie,4,HELSINKI,'00934,HELSINKI
Pallaksentie,2,HELSINKI,'00975,HELSINKI
Tyynylaavantie,5,HELSINKI,'00980,HELSINKI
Jauhajankuja,1,HELSINKI,'00994,HELSINKI
Kaskelantie,5,VANTAA,'01204,VANTAA
Laukkarinne,6,VANTAA,'01204,VANTAA
Peltolantie,1,VANTAA,'01305,VANTAA
Talkootie,7,VANTAA,'01350,VANTAA
Tarhurintie,2,VANTAA,'01354,VANTAA
Elmontie,11,VANTAA,'01404,VANTAA
Minkkikuja,4,VANTAA,'01450,VANTAA
Kirvisenkuja,1,VANTAA,'01454,VANTAA
Minkkikuja,4,VANTAA,'01454,VANTAA
Maakotkantie,19,VANTAA,'01455,VANTAA
Virkatie,7,VANTAA,'01514,VANTAA
Österbyntie,58,PARAINEN,'21604,PARAINEN
Kirkkoesplanadi,32,PARAINEN,'21604,PARAINEN
Rantapolku,1,PARAINEN,'21660,NAUVO
Sparvägen,1,JOMALA,'22155,JOMALA
Norrbyvägen,20,LEMLAND,'22610,LEMLAND
"Finnviken, Lappo",,BRÄNDÖ,'22840,LAPPO
Pyhäntie,3,MYNÄMÄKI,'23144,HIETAMÄKI
Varanpääntie,10,UUSIKAUPUNKI,'23450,LOKALAHTI
Kauppakatu,8,LAITILA,'23805,LAITILA
Säästäjäntie,1,SALO,'25260,VASKIO
Kirkkotie,14,SALO,'25390,KIIKALA
Toijantie,2,KISKO,'25464,KISKO
Kirkonkyläntie,7,KEMIÖNSAARI,'25870,DRAGSFJÄRD
Kairakatu,5,RAUMA,'26100,RAUMA
Monnankatu,2,RAUMA,'26664,RAUMA
Toritie,1,EURA,'27504,EURA
Satakunnankatu,30,EURA,'27510,EURA
Satakunnankatu,30,EURA,'27514,EURA
Köyliöntie,1,KÖYLIÖ,'27710,KÖYLIÖ
Pyhäjärventie,4,SÄKYLÄ,'27804,SÄKYLÄ
Itämerenkatu,21,HELSINKI,'00184,HELSINKI
Lönnrotinkatu,30,HELSINKI,'00184,HELSINKI
Kiviaidankatu,2,HELSINKI,'00210,HELSINKI
Esterinportti,2,HELSINKI,'00244,HELSINKI
Radiokatu,3,HELSINKI,'00244,HELSINKI
Radiokatu,19,HELSINKI,'00244,HELSINKI
Uutiskatu,5,HELSINKI,'00244,HELSINKI
Linnankoskenkatu,14,HELSINKI,'00250,HELSINKI
Messeniuksenkatu,1,HELSINKI,'00254,HELSINKI
Mannerheimintie,76,HELSINKI,'00255,HELSINKI
Paciuksenkatu,21,HELSINKI,'00274,HELSINKI
Paciuksenkatu,25,HELSINKI,'00274,HELSINKI
Pajuniityntie,3,HELSINKI,'00324,HELSINKI
Munkkiniemen puistotie,22,HELSINKI,'00330,HELSINKI
Karvaamokuja,2,HELSINKI,'00384,HELSINKI
Kaivokatu,10,HELSINKI,'00104,HELSINKI
Kampinkuja,2,HELSINKI,'00104,HELSINKI
Mikonkatu,11,HELSINKI,'00104,HELSINKI
Hernesaarenkatu,17,HELSINKI,'00154,HELSINKI
Aholantie,24,RISTIJÄRVI,'88400,RISTIJÄRVI
Risteentie,12,SUOMUSSALMI,'89600,SUOMUSSALMI
Kauppakatu,4,SUOMUSSALMI,'89604,SUOMUSSALMI
Takatie,20,SUOMUSSALMI,'89920,RUHTINANSALMI
Kauppurienkatu,10,OULU,'90104,OULU
Isokatu,51,OULU,'90104,OULU
Paljetie,4,OULU,'90155,OULU
Aapistie,2,OULU,'90235,OULU
Kangaskontiontie,3,OULU,'90240,OULU
Alasintie,7,OULU,'90400,OULU
Ilmarinkatu,16,OULU,'90404,OULU
Pauketie,2,OULU,'90414,OULU
Kaakkurinkulma,4,OULU,'90414,OULU
Metsokankaantie,5,OULU,'90425,OULU
Hallikuja,7,OULU,'90444,KEMPELE
Zeppelinintie,1,KEMPELE,'90450,KEMPELE
Elektroniikkatie,10,OULU,'90594,OULU
Karvarinaukio,7,OULU,'90650,OULU
Keskuspisto,1,OULU,'90940,JÄÄLI
Karjalantie,3,OULU,'91200,YLI-II
Mettäperäntie,1,MUHOS,'91414,JOKIRINNE
Valtatie,13,MUHOS,'91500,MUHOS
Valtatie,13,MUHOS,'91505,MUHOS
Vaalantie,26,VAALA,'91700,VAALA
Lumijoentie,,LUMIJOKI,'91980,LUMIJOKI
Palokunnankatu,37,RAAHE,'92105,RAAHE
Siikasavontie,9,SIIKAJOKI,'92400,RUUKKI
Kestilänraitti,7,SIIKALATVA,'92700,KESTILÄ
Hetekyläntie,8,KIPINÄ,'93144,KIPINÄ
Jokijärventie,296,TAIVALKOSKI,'93540,TYRÖVAARA
Kitkantie,1,KUUSAMO,'93600,KUUSAMO
Luomantie,1,KUUSAMO,'93605,KUUSAMO
Käyläntie,9,KUUSAMO,'93900,KUUSAMO
Kauppakatu,19,KEMI,'94104,KEMI
Valiontie,8,KEMINMAA,'94450,KEMINMAA
Karjalahdenkatu,,KEMI,'94605,KEMI
Hepolantie,1,KEMI,'94830,KEMI
Ratatie,3,SIMO,'95200,SIMO
Jokivarrentie,2473,TORNIO,'95530,TORNIO
Pellontie,23,PELLO,'95700,PELLO
Jokijalantie,2,KOLARI,'95900,KOLARI
Korkalonkatu,1,ROVANIEMI,'96104,ROVANIEMI
Kairatie,50,ROVANIEMI,'96104,ROVANIEMI
Yliopistonkatu,21,ROVANIEMI,'96304,ROVANIEMI
Oijustie,2,ROVANIEMI,'96324,ROVANIEMI
Teollisuustie,2,ROVANIEMI,'96325,ROVANIEMI
Ounasvaarantie,15,ROVANIEMI,'96400,ROVANIEMI
Ounasvaarantie,15,ROVANIEMI,'96404,ROVANIEMI
Liikekuja,11,ROVANIEMI,'97510,VIKAJÄRVI
Kuusamontie,7237,ROVANIEMI,'97655,AUTTI
Keskustie,1,RANUA,'97704,RANUA
Kirkkokatu,2,KEMIJÄRVI,'98104,KEMIJÄRVI
Sodankyläntie,9,PELKOSENNIEMI,'98500,PELKOSENNIEMI
Sallantie,2640,KEMIJÄRVI,'98714,JOUTSIJÄRVI
Valtatie,68,KITTILÄ,'99100,KITTILÄ
Lahenrannantie,7,MUONIO,'99300,MUONIO
Ounastie,60,ENONTEKIÖ,'99400,ENONTEKIÖ
Haastajantie,1,SODANKYLÄ,'99604,SODANKYLÄ
Saariseläntie,1,INARI,'99834,SAARISELKÄ
Sevettijärventie,,NÄÄTÄMÖ,'99944,NÄÄTÄMÖ
Kyrönlahdentie,2,YLÖJÄRVI,'34154,KYRÖNLAHTI
Kauppatie,1,KURU,'34304,KURU
Pääskyntie,13,VIRRAT,'34805,VIRRAT
Eräjärventie,1591,ORIVESI,'35220,ERÄJÄRVI
Seppälän puistotie,1,MÄNTTÄ-VILPPULA,'35800,MÄNTTÄ
Puusepäntie,31,KANGASALA,'36205,KANGASALA
Isolukontie,4,KANGASALA,'36220,KANGASALA
Pakkalantie,386,KANGASALA,'36430,SAHALAHTI
Nuijamiestentie,9,NOKIA,'37124,NOKIA
Kesontie,2,VESILAHTI,'37470,VESILAHTI
Kaskitie,1,VESILAHTI,'37474,VESILAHTI
Apiankatu,6,VALKEAKOSKI,'37604,VALKEAKOSKI
Kirkkotori,10,AKAA,'37804,AKAA
Sirkesalontie,2,AKAA,'37805,AKAA
Valtatie,1,AKAA,'37805,AKAA
Keskuskatu,47,AKAA,'37835,AKAA
Maakunnantie,8,SASTAMALA,'38104,SASTAMALA
Kauppakuja,2,SASTAMALA,'38424,SASTAMALA
Uotsolantie,35,SASTAMALA,'38460,SASTAMALA
Sillanpäänkatu,1,KANKAANPÄÄ,'38714,KANKAANPÄÄ
Jämijärventie,23,JÄMIJÄRVI,'38804,JÄMIJÄRVI
Metsäkyläntie,20,YLÖJÄRVI,'39160,JULKUJÄRVI
Kihniöntie,12,KIHNIÖ,'39820,KIHNIÖ
Vapaudenkatu,48,JYVÄSKYLÄ,'40100,JYVÄSKYLÄ
Vaneritori,5,JYVÄSKYLÄ,'40104,JYVÄSKYLÄ
Piipputori,1,JYVÄSKYLÄ,'40104,JYVÄSKYLÄ
Lutakonaukio,1,JYVÄSKYLÄ,'40105,JYVÄSKYLÄ
Vasarakatu,29,JYVÄSKYLÄ,'40320,JYVÄSKYLÄ
Kangasvuorentie,4,JYVÄSKYLÄ,'40324,JYVÄSKYLÄ
Vasarakatu,29,JYVÄSKYLÄ,'40325,JYVÄSKYLÄ
Äijälänrannantie,18,JYVÄSKYLÄ,'40524,JYVÄSKYLÄ
Keljonkankaantie,62,JYVÄSKYLÄ,'40530,JYVÄSKYLÄ
Keltinmäentie,13,JYVÄSKYLÄ,'40640,JYVÄSKYLÄ
Asematie,1,JYVÄSKYLÄ,'40805,VAAJAKOSKI
Liikekuja,4,JYVÄSKYLÄ,'40934,KINKOMAA
Muuramentie,69,MUURAME,'40950,MUURAME
Setäläntie,3,MUURAME,'40954,MUURAME
Tiituspohjantie,36,LAUKAA,'41310,LEPPÄVESI
Vuojärventie,1,LAUKAA,'41344,LAUKAA
Liepeentie,2,LAUKAA,'41400,LIEVESTUORE
Kuuhankavedentie,25,HANKASALMI,'41500,HANKASALMI AS
Toivakantie,30,TOIVAKKA,'41660,TOIVAKKA
Asematie,8,PETÄJÄVESI,'41900,PETÄJÄVESI
Keskuskatu,23,JÄMSÄ,'42105,JÄMSÄ
Kauppakatu,8,JÄMSÄ,'42224,KAIPOLA
Keuruuntie,11,KEURUU,'42704,KEURUU
Kauppakatu,17,IISALMI,'74100,IISALMI
Kilpivirrantie,1,IISALMI,'74124,IISALMI
Parkatintie,2,IISALMI,'74125,IISALMI
Eteläntie,4,IISALMI,'74130,IISALMI
Rutakontie,34,SONKAJÄRVI,'74300,SONKAJÄRVI
Tulotie,10,KIURUVESI,'74705,KIURUVESI
Porokylänkatu,21,NURMES,'75530,NURMES
Porokylänkatu,21,NURMES,'75535,NURMES
Kukkaroniementie,3,PIEKSÄMÄKI,'76105,PIEKSÄMÄKI
Varkaudentie,980,SIIKAMÄKI,'77434,SIIKAMÄKI
Kauppatie,6,PIEKSÄMÄKI,'77570,JÄPPILÄ
Jyväskyläntie,12,RAUTALAMPI,'77700,RAUTALAMPI
Ahlströminkatu,21,VARKAUS,'78254,VARKAUS
Savontie,35,VARKAUS,'78304,VARKAUS
Savonkatu,43,LEPPÄVIRTA,'79104,LEPPÄVIRTA
Mutalantie,1,JOROINEN,'79600,JOROINEN
Kauppakatu,29,JOENSUU,'80100,JOENSUU
Suvantokatu,21,JOENSUU,'80104,JOENSUU
Pataluodonkatu,1,JOENSUU,'80165,JOENSUU
Vallilankatu,2,JOENSUU,'80224,JOENSUU
Pohjolankatu,31,JOENSUU,'80260,JOENSUU
Kauppatie,1,JOENSUU,'81200,ENO
Pielisentie,23,LIEKSA,'81700,LIEKSA
Joensuuväylä,11,JOENSUU,'82140,KIIHTELYSVAARA
Kauppakatu,6,TOHMAJÄRVI,'82604,TOHMAJÄRVI
Käsämäntie,1,LIPERI,'83430,KÄSÄMÄ
Kummunkatu,6,OUTOKUMPU,'83504,OUTOKUMPU
Rautatiekatu,11,YLIVIESKA,'84100,YLIVIESKA
Alpuumintie,6,YLIVIESKA,'84100,YLIVIESKA
Kokkolantie,1116,PYHÄJOKI,'86170,YPPÄRI
Oulaistenkatu,15,OULAINEN,'86300,OULAINEN
Oulaistenkatu,15,OULAINEN,'86304,OULAINEN
Vanhatie,48,HAAPAVESI,'86604,HAAPAVESI
Koulutie,1,KÄRSÄMÄKI,'86714,KÄRSÄMÄKI
Ollintie,11,PYHÄSALMI,'86804,PYHÄSALMI
Ollintie,12,PYHÄJÄRVI,'86804,PYHÄSALMI
Laajankankaankatu,2,KAJAANI,'87504,KAJAANI
Nissiläntie,2,KAJAANI,'88274,VUOLIJOKI
Puolangantie,11,PALTAMO,'88304,PALTAMO
Savilahdentie,2,TAIPALSAARI,'54924,TAIPALSAARI
Korvenkannantie,71,IMATRA,'55124,IMATRA
Vuoksenniskantie,37,IMATRA,'55804,IMATRA
Kullervonkatu,1,SAVONLINNA,'57204,SAVONLINNA
Tyyneläntie,30,SAVONLINNA,'57214,SAVONLINNA
Laivamiehentie,5,SAVONLINNA,'57514,SAVONLINNA
Kellartie,61,SAVONLINNA,'57710,SAVONLINNA
Enonkoskentie,7,ENONKOSKI,'58175,ENONKOSKI
